-- phpMyAdmin SQL Dump
-- version 3.5.1
-- http://www.phpmyadmin.net
--
-- Host: localhost
-- Generation Time: Jun 02, 2017 at 10:49 PM
-- Server version: 5.5.24-log
-- PHP Version: 5.4.3

SET SQL_MODE="NO_AUTO_VALUE_ON_ZERO";
SET time_zone = "+00:00";


/*!40101 SET @OLD_CHARACTER_SET_CLIENT=@@CHARACTER_SET_CLIENT */;
/*!40101 SET @OLD_CHARACTER_SET_RESULTS=@@CHARACTER_SET_RESULTS */;
/*!40101 SET @OLD_COLLATION_CONNECTION=@@COLLATION_CONNECTION */;
/*!40101 SET NAMES utf8 */;

--
-- Database: `be3ly`
--

-- --------------------------------------------------------

--
-- Table structure for table `announcement`
--

CREATE TABLE IF NOT EXISTS `announcement` (
  `id` int(11) unsigned NOT NULL AUTO_INCREMENT,
  `date` date NOT NULL,
  `details` varchar(355) NOT NULL DEFAULT '',
  PRIMARY KEY (`id`)
) ENGINE=InnoDB  DEFAULT CHARSET=utf8 AUTO_INCREMENT=2 ;

--
-- Dumping data for table `announcement`
--

INSERT INTO `announcement` (`id`, `date`, `details`) VALUES
(1, '2017-05-20', 'Start building be3ly cloud binaryRetail system Office Cloud System');

-- --------------------------------------------------------

--
-- Table structure for table `bu`
--

CREATE TABLE IF NOT EXISTS `bu` (
  `id` int(11) unsigned NOT NULL AUTO_INCREMENT,
  `ir_id` varchar(22) NOT NULL DEFAULT '',
  `code` varchar(11) NOT NULL DEFAULT '',
  `left_dbv` int(11) NOT NULL DEFAULT '0',
  `right_dbv` int(11) NOT NULL DEFAULT '0',
  `left_abv` int(11) NOT NULL DEFAULT '0',
  `right_abv` int(11) NOT NULL DEFAULT '0',
  `left_children` text,
  `right_children` text,
  `parent_bu_id` varchar(22) NOT NULL DEFAULT '',
  `position` varchar(11) NOT NULL DEFAULT '',
  `is_qualified` tinyint(4) NOT NULL DEFAULT '0',
  `referral_bu_id` varchar(22) DEFAULT NULL,
  `position_to_referral` varchar(11) DEFAULT NULL,
  `Rcount` int(11) NOT NULL DEFAULT '0',
  `Lcount` int(11) NOT NULL DEFAULT '0',
  `curr_step` int(11) NOT NULL,
  PRIMARY KEY (`id`)
) ENGINE=InnoDB  DEFAULT CHARSET=utf8 AUTO_INCREMENT=15 ;

--
-- Dumping data for table `bu`
--

INSERT INTO `bu` (`id`, `ir_id`, `code`, `left_dbv`, `right_dbv`, `left_abv`, `right_abv`, `left_children`, `right_children`, `parent_bu_id`, `position`, `is_qualified`, `referral_bu_id`, `position_to_referral`, `Rcount`, `Lcount`, `curr_step`) VALUES
(1, 'BE000010', '001', 0, 0, 1, 0, '''BE000010-002'', ''BE000010-004'', ''BE000010-005'', ''BE000011-001'', ''BE000011-002'', ''BE000011-003'', ''BE000011-004'', ''BE000011-005'', ''BE000011-006'', ''BE000011-007'', ', '''BE000010-003'', ''BE000010-006'', ''BE000010-007'', ', 'BE000001 ', '', 2, NULL, NULL, 0, 0, 0),
(2, 'BE000010', '002', 0, 0, 1, 0, '''BE000010-004'', ''BE000011-001'', ''BE000011-002'', ''BE000011-003'', ''BE000011-004'', ''BE000011-005'', ''BE000011-006'', ''BE000011-007'', ', '''BE000010-005'',  ', 'BE000010-001', 'left', 0, 'BE000001-001', 'left', 0, 0, 0),
(3, 'BE000010', '003', 0, 0, 0, 0, '''BE000010-006'',', ' ''BE000010-007'',', 'BE000010-001', 'right', 0, 'BE000001-001', 'right', 0, 0, 0),
(4, 'BE000010', '004', 0, 0, 1, 0, '''BE000011-001'', ''BE000011-002'', ''BE000011-003'', ''BE000011-004'', ''BE000011-005'', ''BE000011-006'', ''BE000011-007'', ', '', 'BE000010-002', 'left', 0, 'BE000001-001', 'left', 0, 2, 0),
(5, 'BE000010', '005', 0, 0, 0, 0, '', '', 'BE000010-002', 'right', 0, 'BE000001-001', 'left', 0, 0, 0),
(6, 'BE000010', '006', 0, 0, 0, 0, '', '', 'BE000010-003', 'left', 0, 'BE000001-001', 'right', 0, 0, 0),
(7, 'BE000010', '007', 0, 0, 0, 0, '', '', 'BE000010-003', 'right', 0, 'BE000001-001', 'right', 0, 0, 0),
(8, 'BE000011', '001', 0, 0, 0, 0, '''BE000011-002'', ''BE000011-004'', ''BE000011-005'', ', '''BE000011-003'', ''BE000011-006'', ''BE000011-007'', ', 'BE000010-004', 'left', 2, 'BE000010-004', 'left', 0, 0, 0),
(9, 'BE000011', '002', 0, 0, 0, 0, '''BE000011-004'', ', '''BE000011-005'',  ', 'BE000011-001', 'left', 0, 'BE000010-001', 'left', 0, 0, 0),
(10, 'BE000011', '003', 0, 0, 0, 0, '''BE000011-006'',', ' ''BE000011-007'',', 'BE000011-001', 'right', 0, 'BE000010-001', 'left', 0, 0, 0),
(11, 'BE000011', '004', 0, 0, 0, 0, '', '', 'BE000011-002', 'left', 0, 'BE000010-001', 'left', 0, 0, 0),
(12, 'BE000011', '005', 0, 0, 0, 0, '', '', 'BE000011-002', 'right', 0, 'BE000010-001', 'left', 0, 0, 0),
(13, 'BE000011', '006', 0, 0, 0, 0, '', '', 'BE000011-003', 'left', 0, 'BE000010-001', 'left', 0, 0, 0),
(14, 'BE000011', '007', 0, 0, 0, 0, '', '', 'BE000011-003', 'right', 0, 'BE000010-001', 'left', 0, 0, 0);

-- --------------------------------------------------------

--
-- Table structure for table `configuration`
--

CREATE TABLE IF NOT EXISTS `configuration` (
  `id` int(11) unsigned NOT NULL AUTO_INCREMENT,
  `registration_fees` int(11) NOT NULL,
  `dcp_limit` int(11) NOT NULL,
  `retail_parent_commission` int(11) NOT NULL,
  `renewal_fees` int(11) NOT NULL,
  `retail_qualify_fees` int(11) NOT NULL,
  `loyalty_start` date NOT NULL,
  `loyalty_end` date NOT NULL,
  `loyalty_target` int(11) NOT NULL,
  `loyalty_reward` int(11) NOT NULL,
  `loyalty_delay` int(11) NOT NULL,
  `email_signature` text NOT NULL,
  `binary_qualify_fees001` int(11) NOT NULL,
  `binary_qualify_fees002` int(11) NOT NULL,
  `binary_qualify_fees003` int(11) NOT NULL,
  `register_lock` tinyint(11) NOT NULL,
  `retail_qualify_com` int(11) NOT NULL,
  `new_reg_com` int(11) NOT NULL,
  `baseUrl` text NOT NULL,
  `URLsubfolder` text NOT NULL,
  `nodaystopayretailcom` int(11) NOT NULL DEFAULT '0',
  `binarycheckval` int(11) NOT NULL,
  `dcpts_exchrate` float NOT NULL DEFAULT '0.5',
  `orderstatuspayretailcomm` varchar(50) NOT NULL DEFAULT 'Delivered',
  `onelegbalancedpoints` int(11) NOT NULL DEFAULT '3' COMMENT 'on balance 3:3 condition to get paid one check',
  `dynamicflush_val` int(11) NOT NULL DEFAULT '120' COMMENT 'on lower side of the any of Lcount or Rcount ///will reset the L and R counts to zero',
  `cycleRedimtionPoints` int(11) NOT NULL DEFAULT '20' COMMENT 'when user reached step 5 (cycle) pay him this value of points',
  `maxNoSteps` int(11) NOT NULL DEFAULT '5' COMMENT 'maximum number of steps user can get paid for once/per day and flush the reamining counters dynamic',
  `dailycounterbackhistory` int(11) NOT NULL DEFAULT '31' COMMENT 'daily counter ,number of days to keep in history for daily counters',
  `is_qualified_free` tinyint(4) NOT NULL DEFAULT '1' COMMENT 'flag for enabling or disabling free qualification of bu''s',
  `AllowCardPinAtReg` tinyint(4) NOT NULL DEFAULT '0',
  PRIMARY KEY (`id`)
) ENGINE=InnoDB  DEFAULT CHARSET=utf8 AUTO_INCREMENT=2 ;

--
-- Dumping data for table `configuration`
--

INSERT INTO `configuration` (`id`, `registration_fees`, `dcp_limit`, `retail_parent_commission`, `renewal_fees`, `retail_qualify_fees`, `loyalty_start`, `loyalty_end`, `loyalty_target`, `loyalty_reward`, `loyalty_delay`, `email_signature`, `binary_qualify_fees001`, `binary_qualify_fees002`, `binary_qualify_fees003`, `register_lock`, `retail_qualify_com`, `new_reg_com`, `baseUrl`, `URLsubfolder`, `nodaystopayretailcom`, `binarycheckval`, `dcpts_exchrate`, `orderstatuspayretailcomm`, `onelegbalancedpoints`, `dynamicflush_val`, `cycleRedimtionPoints`, `maxNoSteps`, `dailycounterbackhistory`, `is_qualified_free`, `AllowCardPinAtReg`) VALUES
(1, 0, 50, 0, 30, 0, '2016-06-01', '2016-07-30', 5000, 1, 30, 'This email and any attachments to it may be confidential and are intended solely for the use of the individual to whom it is addressed.  Any views or opinions expressed are solely those of the author and do not necessarily represent those of KCG. ', 2000, 2000, 2000, 0, 5, 4, 'http://169.50.5.146', 'cash-mlm', 0, 1000, 0.5, 'Delivered', 3, 120, 20, 5, 31, 1, 0);

-- --------------------------------------------------------

--
-- Table structure for table `customer`
--

CREATE TABLE IF NOT EXISTS `customer` (
  `id` int(11) unsigned NOT NULL AUTO_INCREMENT,
  `related_ir_id` varchar(22) NOT NULL DEFAULT '',
  `name` varchar(55) NOT NULL DEFAULT '',
  `email` varchar(55) NOT NULL DEFAULT '',
  `phone` varchar(55) NOT NULL DEFAULT '',
  `mobile` varchar(11) DEFAULT NULL,
  `address` text NOT NULL,
  `area` varchar(55) NOT NULL DEFAULT '',
  `city` varchar(55) NOT NULL DEFAULT '',
  `country` varchar(55) NOT NULL DEFAULT '',
  PRIMARY KEY (`id`)
) ENGINE=InnoDB DEFAULT CHARSET=utf8 AUTO_INCREMENT=1 ;

-- --------------------------------------------------------

--
-- Table structure for table `dc`
--

CREATE TABLE IF NOT EXISTS `dc` (
  `id` int(11) unsigned NOT NULL AUTO_INCREMENT,
  `date` date NOT NULL,
  `bu_id` varchar(22) NOT NULL DEFAULT '',
  `left_dc` int(11) NOT NULL DEFAULT '0',
  `right_dc` int(11) NOT NULL DEFAULT '0',
  PRIMARY KEY (`id`)
) ENGINE=InnoDB  DEFAULT CHARSET=utf8 AUTO_INCREMENT=179 ;

--
-- Dumping data for table `dc`
--

INSERT INTO `dc` (`id`, `date`, `bu_id`, `left_dc`, `right_dc`) VALUES
(1, '2017-01-30', 'CA000010-001', 0, 0),
(2, '2017-01-30', 'CA000010-002', 0, 0),
(3, '2017-01-30', 'CA000010-003', 0, 0),
(4, '2017-01-30', 'CA000011-001', 0, 0),
(5, '2017-01-30', 'CA000011-002', 0, 0),
(6, '2017-01-30', 'CA000011-003', 0, 0),
(7, '2017-01-30', 'CA000012-001', 0, 0),
(8, '2017-01-30', 'CA000012-002', 0, 0),
(9, '2017-01-30', 'CA000012-003', 0, 0),
(10, '2017-01-30', 'CA000013-001', 0, 0),
(11, '2017-01-30', 'CA000013-002', 0, 0),
(12, '2017-01-30', 'CA000013-003', 0, 0),
(13, '2017-01-30', 'CA000014-001', 0, 0),
(14, '2017-01-30', 'CA000014-002', 0, 0),
(15, '2017-01-30', 'CA000014-003', 0, 0),
(16, '2017-01-30', 'CA000015-001', 0, 0),
(17, '2017-01-30', 'CA000015-002', 0, 0),
(18, '2017-01-30', 'CA000015-003', 0, 0),
(19, '2017-01-31', 'CA000010-001', 0, 0),
(20, '2017-01-31', 'CA000010-002', 0, 0),
(21, '2017-01-31', 'CA000010-003', 0, 0),
(22, '2017-01-31', 'CA000011-001', 0, 0),
(23, '2017-01-31', 'CA000011-002', 0, 0),
(24, '2017-01-31', 'CA000011-003', 0, 0),
(25, '2017-01-31', 'CA000012-001', 0, 0),
(26, '2017-01-31', 'CA000012-002', 0, 0),
(27, '2017-01-31', 'CA000012-003', 0, 0),
(28, '2017-01-31', 'CA000013-001', 0, 0),
(29, '2017-01-31', 'CA000013-002', 0, 0),
(30, '2017-01-31', 'CA000013-003', 0, 0),
(31, '2017-01-31', 'CA000014-001', 0, 0),
(32, '2017-01-31', 'CA000014-002', 0, 0),
(33, '2017-01-31', 'CA000014-003', 0, 0),
(34, '2017-01-31', 'CA000015-001', 0, 0),
(35, '2017-01-31', 'CA000015-002', 0, 0),
(36, '2017-01-31', 'CA000015-003', 0, 0),
(50, '2017-02-03', 'CA000016-001', 0, 0),
(51, '2017-02-03', 'CA000016-002', 0, 0),
(52, '2017-02-03', 'CA000016-003', 0, 0),
(53, '2017-02-03', 'CA000017-001', 0, 0),
(54, '2017-02-03', 'CA000017-002', 0, 0),
(55, '2017-02-03', 'CA000017-003', 0, 0),
(56, '2017-02-03', 'CA000018-001', 0, 0),
(57, '2017-02-03', 'CA000018-002', 0, 0),
(58, '2017-02-03', 'CA000018-003', 0, 0),
(59, '2017-02-03', 'CA000019-001', 0, 0),
(60, '2017-02-03', 'CA000019-002', 0, 0),
(61, '2017-02-03', 'CA000019-003', 0, 0),
(62, '2017-02-03', 'CA000020-001', 0, 0),
(63, '2017-02-03', 'CA000020-002', 0, 0),
(64, '2017-02-03', 'CA000020-003', 0, 0),
(65, '2017-02-04', 'CA000021-001', 0, 0),
(66, '2017-02-04', 'CA000021-002', 0, 0),
(67, '2017-02-04', 'CA000021-003', 0, 0),
(68, '2017-02-04', 'CA000022-001', 0, 0),
(69, '2017-02-04', 'CA000022-002', 0, 0),
(70, '2017-02-04', 'CA000022-003', 0, 0),
(71, '2017-02-04', 'CA000023-001', 0, 0),
(72, '2017-02-04', 'CA000023-002', 0, 0),
(73, '2017-02-04', 'CA000023-003', 0, 0),
(74, '2017-02-04', 'CA000024-001', 0, 0),
(75, '2017-02-04', 'CA000024-002', 0, 0),
(76, '2017-02-04', 'CA000024-003', 0, 0),
(77, '2017-02-05', 'CA000021-001', 0, 0),
(78, '2017-02-05', 'CA000021-002', 0, 0),
(79, '2017-02-05', 'CA000021-003', 0, 0),
(80, '2017-02-05', 'CA000022-001', 0, 0),
(81, '2017-02-05', 'CA000022-002', 0, 0),
(82, '2017-02-05', 'CA000022-003', 0, 0),
(83, '2017-02-05', 'CA000023-001', 0, 0),
(84, '2017-02-05', 'CA000023-002', 0, 0),
(85, '2017-02-05', 'CA000023-003', 0, 0),
(86, '2017-02-05', 'CA000024-001', 0, 0),
(87, '2017-02-05', 'CA000024-002', 0, 0),
(88, '2017-02-05', 'CA000024-003', 0, 0),
(92, '2017-02-05', 'CA000021-001', 0, 0),
(93, '2017-02-05', 'CA000021-002', 0, 0),
(94, '2017-02-05', 'CA000021-003', 0, 0),
(95, '2017-02-05', 'CA000022-001', 0, 0),
(96, '2017-02-05', 'CA000022-002', 0, 0),
(97, '2017-02-05', 'CA000022-003', 0, 0),
(98, '2017-02-05', 'CA000023-001', 0, 0),
(99, '2017-02-05', 'CA000023-002', 0, 0),
(100, '2017-02-05', 'CA000023-003', 0, 0),
(101, '2017-02-05', 'CA000024-001', 0, 0),
(102, '2017-02-05', 'CA000024-002', 0, 0),
(103, '2017-02-05', 'CA000024-003', 0, 0),
(107, '2017-02-05', 'CA000021-001', 0, 0),
(108, '2017-02-05', 'CA000021-002', 0, 0),
(109, '2017-02-05', 'CA000021-003', 0, 0),
(110, '2017-02-05', 'CA000022-001', 0, 0),
(111, '2017-02-05', 'CA000022-002', 0, 0),
(112, '2017-02-05', 'CA000022-003', 0, 0),
(113, '2017-02-05', 'CA000023-001', 0, 0),
(114, '2017-02-05', 'CA000023-002', 0, 0),
(115, '2017-02-05', 'CA000023-003', 0, 0),
(116, '2017-02-05', 'CA000024-001', 0, 0),
(117, '2017-02-05', 'CA000024-002', 0, 0),
(118, '2017-02-05', 'CA000024-003', 0, 0),
(122, '2017-02-05', 'CA000021-001', 0, 0),
(123, '2017-02-05', 'CA000021-002', 0, 0),
(124, '2017-02-05', 'CA000021-003', 0, 0),
(125, '2017-02-05', 'CA000022-001', 0, 0),
(126, '2017-02-05', 'CA000022-002', 0, 0),
(127, '2017-02-05', 'CA000022-003', 0, 0),
(128, '2017-02-05', 'CA000023-001', 0, 0),
(129, '2017-02-05', 'CA000023-002', 0, 0),
(130, '2017-02-05', 'CA000023-003', 0, 0),
(131, '2017-02-05', 'CA000024-001', 0, 0),
(132, '2017-02-05', 'CA000024-002', 0, 0),
(133, '2017-02-05', 'CA000024-003', 0, 0),
(137, '2017-02-05', 'CA000021-001', 0, 0),
(138, '2017-02-05', 'CA000021-002', 0, 0),
(139, '2017-02-05', 'CA000021-003', 0, 0),
(140, '2017-02-05', 'CA000022-001', 0, 0),
(141, '2017-02-05', 'CA000022-002', 0, 0),
(142, '2017-02-05', 'CA000022-003', 0, 0),
(143, '2017-02-05', 'CA000023-001', 0, 0),
(144, '2017-02-05', 'CA000023-002', 0, 0),
(145, '2017-02-05', 'CA000023-003', 0, 0),
(146, '2017-02-05', 'CA000024-001', 0, 0),
(147, '2017-02-05', 'CA000024-002', 0, 0),
(148, '2017-02-05', 'CA000024-003', 0, 0),
(152, '2017-02-04', 'CA000025-001', 0, 0),
(153, '2017-02-04', 'CA000025-002', 0, 0),
(154, '2017-02-04', 'CA000025-003', 0, 0),
(155, '2017-02-04', 'CA000026-001', 0, 0),
(156, '2017-02-04', 'CA000026-002', 0, 0),
(157, '2017-02-04', 'CA000026-003', 0, 0),
(158, '2017-02-04', 'CA000027-001', 0, 0),
(159, '2017-02-04', 'CA000027-002', 0, 0),
(160, '2017-02-04', 'CA000027-003', 0, 0),
(161, '2017-03-22', 'CA000028-001', 0, 0),
(162, '2017-03-22', 'CA000028-002', 0, 0),
(163, '2017-03-22', 'CA000028-003', 0, 0),
(164, '2017-03-27', 'CA000029-001', 0, 0),
(165, '2017-03-27', 'CA000029-002', 0, 0),
(166, '2017-03-27', 'CA000029-003', 0, 0),
(167, '2017-04-16', 'CA000030-001', 0, 0),
(168, '2017-04-16', 'CA000030-002', 0, 0),
(169, '2017-04-16', 'CA000030-003', 0, 0),
(170, '2017-04-24', 'CA000031-001', 0, 0),
(171, '2017-04-24', 'CA000031-002', 0, 0),
(172, '2017-04-24', 'CA000031-003', 0, 0),
(173, '2017-04-24', 'CA000032-001', 1, 0),
(174, '2017-04-24', 'CA000032-002', 0, 0),
(175, '2017-04-24', 'CA000032-003', 0, 0),
(176, '2017-04-24', 'CA000033-001', 0, 0),
(177, '2017-04-24', 'CA000033-002', 0, 0),
(178, '2017-04-24', 'CA000033-003', 0, 0);

-- --------------------------------------------------------

--
-- Table structure for table `ir`
--

CREATE TABLE IF NOT EXISTS `ir` (
  `id` int(11) unsigned NOT NULL AUTO_INCREMENT,
  `ir_id` varchar(22) NOT NULL DEFAULT '',
  `title` varchar(11) DEFAULT NULL,
  `f_name` varchar(55) NOT NULL DEFAULT '',
  `l_name` varchar(55) NOT NULL DEFAULT '',
  `a_name` varchar(55) NOT NULL DEFAULT '',
  `email` varchar(55) NOT NULL DEFAULT '',
  `mobile` varchar(55) NOT NULL DEFAULT '',
  `phone` varchar(55) NOT NULL DEFAULT '',
  `address` varchar(255) NOT NULL DEFAULT '',
  `area` varchar(55) NOT NULL DEFAULT '',
  `city` varchar(55) NOT NULL DEFAULT '',
  `country` varchar(55) NOT NULL DEFAULT '',
  `valid_id` varchar(55) NOT NULL DEFAULT '',
  `valid_id_type` varchar(55) NOT NULL DEFAULT '',
  `nationality` varchar(55) NOT NULL DEFAULT '',
  `birth_date` date NOT NULL,
  `beneficiary` varchar(55) NOT NULL DEFAULT '',
  `relationship` varchar(55) NOT NULL DEFAULT '',
  `login_pass` varchar(255) NOT NULL DEFAULT '',
  `ewallet_pass` varchar(255) NOT NULL DEFAULT '',
  `ewallet` int(11) NOT NULL,
  `total_ewallet` int(11) NOT NULL,
  `dcpts` int(11) NOT NULL,
  `total_dcpts` int(11) NOT NULL,
  `rpts` int(11) NOT NULL,
  `total_rpts` int(11) NOT NULL,
  `registration_date` datetime NOT NULL,
  `qualification_date` datetime DEFAULT NULL,
  `last_renewal_date` date NOT NULL,
  `reset_code` varchar(55) DEFAULT NULL,
  `reset_datetime` datetime DEFAULT NULL,
  `delayed_incentive` int(11) NOT NULL DEFAULT '0',
  PRIMARY KEY (`id`)
) ENGINE=InnoDB  DEFAULT CHARSET=utf8 AUTO_INCREMENT=3 ;

--
-- Dumping data for table `ir`
--

INSERT INTO `ir` (`id`, `ir_id`, `title`, `f_name`, `l_name`, `a_name`, `email`, `mobile`, `phone`, `address`, `area`, `city`, `country`, `valid_id`, `valid_id_type`, `nationality`, `birth_date`, `beneficiary`, `relationship`, `login_pass`, `ewallet_pass`, `ewallet`, `total_ewallet`, `dcpts`, `total_dcpts`, `rpts`, `total_rpts`, `registration_date`, `qualification_date`, `last_renewal_date`, `reset_code`, `reset_datetime`, `delayed_incentive`) VALUES
(1, 'BE000010', '', 'Be3ly Company', '(Top)', 'بعلي', 'makkcg@live.com', '01114442161', '01114442161', '162 King Faisal St., Haram, Giza', 'El Haram', 'Giza', 'Egypt', '12345678', 'Other', 'Egypt', '1984-01-01', 'KCG Owners', 'Son', '$2a$14$phLGofdlgaOncrlFzMDiQOCg2HFVrHcmxL0/4m5uptfSZMlu0DHPe', '$2a$14$phLGofdlgaOncrlFzMDiQOCg2HFVrHcmxL0/4m5uptfSZMlu0DHPe', 1000000, 0, 0, 0, 0, 0, '2017-05-20 22:00:00', '2017-05-20 22:01:00', '2018-08-31', '', NULL, 0),
(2, 'BE000011', '', 'Be3ly Co. L1', '(Level1)', 'بعلي', 'makkcg@live.com', '01114442161', '01114442161', '162 King Faisal St., Haram, Giza', 'El Haram', 'Giza', 'Egypt', '123456788', 'Other', 'Egypt', '1984-01-01', 'KCG Owners', 'Son', '$2a$14$phLGofdlgaOncrlFzMDiQOCg2HFVrHcmxL0/4m5uptfSZMlu0DHPe', '$2a$14$phLGofdlgaOncrlFzMDiQOCg2HFVrHcmxL0/4m5uptfSZMlu0DHPe', 5000, 0, 0, 0, 0, 0, '2017-05-20 22:00:00', '2017-05-20 22:01:00', '2018-08-31', '', NULL, 0);

-- --------------------------------------------------------

--
-- Table structure for table `k8_acc_wallet_trns`
--

CREATE TABLE IF NOT EXISTS `k8_acc_wallet_trns` (
  `id` int(11) NOT NULL AUTO_INCREMENT,
  `code` varchar(25) NOT NULL,
  `datetime` datetime NOT NULL,
  `val_ec` float NOT NULL,
  `val_le` float NOT NULL,
  `trns_type` int(11) NOT NULL,
  `tofrom` varchar(25) NOT NULL,
  `bal_ec` float NOT NULL,
  `bal_le` float NOT NULL,
  `comment` text NOT NULL,
  PRIMARY KEY (`id`)
) ENGINE=InnoDB  DEFAULT CHARSET=latin1 AUTO_INCREMENT=6 ;

--
-- Dumping data for table `k8_acc_wallet_trns`
--

INSERT INTO `k8_acc_wallet_trns` (`id`, `code`, `datetime`, `val_ec`, `val_le`, `trns_type`, `tofrom`, `bal_ec`, `bal_le`, `comment`) VALUES
(1, 'acc01', '2016-06-10 00:00:00', 0, 0, 1, 'admin', 0, 0, 'initial setup of accounting 01 balance to zero'),
(2, 'CA000010', '2016-06-10 00:00:00', 0, 0, 1, 'admin', 0, 0, 'initial setup of balance to zero'),
(3, 'PA0103', '2016-06-10 00:00:00', 0, 0, 1, 'admin', 0, 0, 'initial setup of balance to zero'),
(4, 'PA1431', '2016-06-10 00:00:00', 0, 0, 1, 'admin', 0, 0, 'initial setup of balance to zero'),
(5, 'PA0514', '2016-06-10 00:00:00', 0, 0, 1, 'admin', 0, 0, 'initial setup of balance to zero');

-- --------------------------------------------------------

--
-- Table structure for table `k8_audit`
--

CREATE TABLE IF NOT EXISTS `k8_audit` (
  `id` int(11) NOT NULL AUTO_INCREMENT,
  `user_id` int(11) NOT NULL,
  `top_page_id` int(11) NOT NULL,
  `table_name` varchar(100) COLLATE utf8_unicode_ci NOT NULL,
  `record_id` int(11) NOT NULL,
  `operation` varchar(100) COLLATE utf8_unicode_ci NOT NULL,
  `details` text COLLATE utf8_unicode_ci NOT NULL,
  `date` datetime NOT NULL,
  `time_zone` varchar(100) COLLATE utf8_unicode_ci NOT NULL,
  PRIMARY KEY (`id`)
) ENGINE=InnoDB  DEFAULT CHARSET=utf8 COLLATE=utf8_unicode_ci AUTO_INCREMENT=8 ;

--
-- Dumping data for table `k8_audit`
--

INSERT INTO `k8_audit` (`id`, `user_id`, `top_page_id`, `table_name`, `record_id`, `operation`, `details`, `date`, `time_zone`) VALUES
(1, 7, 106, 'k8_role', 7, 'Edit', 'id : 7 , name : Accountant , comments : Mr.Sayed , id : 7 , modified_by : 7 , modified : 2016-06-1903:36:24', '2016-06-19 03:36:24', 'Africa/Cairo'),
(2, 8, 109, 'k8_user', 10, 'Edit', 'id : 10 , name : GMMr.Amr , role_id : 7 , top_language_id : 1 , comments :  , id : 10 , modified_by : 8 , modified : 2016-12-2015:02:51', '2016-12-20 15:02:51', 'Africa/Cairo'),
(3, 13, 109, 'k8_user', 13, 'Edit', 'id : 13 , name : admin , role_id : 1 , top_language_id : 2 , comments :  , id : 13 , modified_by : 13 , modified : 2016-12-2015:04:09', '2016-12-20 15:04:09', 'Africa/Cairo'),
(4, 8, 109, 'k8_user', 12, 'Delete', 'id : 12', '2017-01-26 15:11:25', 'Africa/Cairo'),
(5, 8, 109, 'k8_user', 11, 'Delete', 'id : 11', '2017-01-26 15:11:37', 'Africa/Cairo'),
(6, 8, 109, 'k8_user', 10, 'Delete', 'id : 10', '2017-01-26 15:11:41', 'Africa/Cairo'),
(7, 15, 109, 'k8_user', 15, 'Edit', 'id : 15 , name : SayedIbrahim , role_id : 1 , top_language_id : 1 , comments : sayed12345678 , id : 15 , modified_by : 15 , modified : 2017-01-2615:25:50', '2017-01-26 15:25:50', 'Africa/Cairo');

-- --------------------------------------------------------

--
-- Table structure for table `k8_branch`
--

CREATE TABLE IF NOT EXISTS `k8_branch` (
  `id` int(11) NOT NULL AUTO_INCREMENT,
  `name` varchar(100) COLLATE utf8_unicode_ci NOT NULL,
  `name_tr` varchar(100) COLLATE utf8_unicode_ci DEFAULT NULL,
  `address1` varchar(100) COLLATE utf8_unicode_ci NOT NULL,
  `address1_tr` varchar(100) COLLATE utf8_unicode_ci DEFAULT '',
  `address2` varchar(100) COLLATE utf8_unicode_ci DEFAULT NULL,
  `address2_tr` varchar(100) COLLATE utf8_unicode_ci DEFAULT NULL,
  `warehouse_id` int(11) NOT NULL,
  `warehouse_pin_id` int(11) NOT NULL,
  `city` varchar(100) COLLATE utf8_unicode_ci NOT NULL,
  `city_tr` varchar(100) COLLATE utf8_unicode_ci DEFAULT '',
  `area` varchar(100) COLLATE utf8_unicode_ci DEFAULT NULL,
  `area_tr` varchar(100) COLLATE utf8_unicode_ci DEFAULT NULL,
  `country` varchar(100) COLLATE utf8_unicode_ci NOT NULL,
  `country_tr` varchar(100) COLLATE utf8_unicode_ci DEFAULT '',
  `p_code` varchar(100) COLLATE utf8_unicode_ci DEFAULT NULL,
  `p_box` varchar(100) COLLATE utf8_unicode_ci DEFAULT NULL,
  `tel1` varchar(100) COLLATE utf8_unicode_ci NOT NULL,
  `tel2` varchar(100) COLLATE utf8_unicode_ci DEFAULT NULL,
  `fax` varchar(100) COLLATE utf8_unicode_ci DEFAULT NULL,
  `branch_email` varchar(100) COLLATE utf8_unicode_ci DEFAULT NULL,
  `comments` text COLLATE utf8_unicode_ci,
  `top_organization_id` int(11) NOT NULL,
  `created` datetime NOT NULL,
  `created_by` int(11) NOT NULL,
  `modified` datetime DEFAULT NULL,
  `modified_by` int(11) DEFAULT NULL,
  `is_active` tinyint(4) NOT NULL DEFAULT '1',
  PRIMARY KEY (`id`)
) ENGINE=InnoDB  DEFAULT CHARSET=utf8 COLLATE=utf8_unicode_ci AUTO_INCREMENT=2 ;

--
-- Dumping data for table `k8_branch`
--

INSERT INTO `k8_branch` (`id`, `name`, `name_tr`, `address1`, `address1_tr`, `address2`, `address2_tr`, `warehouse_id`, `warehouse_pin_id`, `city`, `city_tr`, `area`, `area_tr`, `country`, `country_tr`, `p_code`, `p_box`, `tel1`, `tel2`, `fax`, `branch_email`, `comments`, `top_organization_id`, `created`, `created_by`, `modified`, `modified_by`, `is_active`) VALUES
(1, 'Head Office', NULL, 'Muhandesen', '', '', NULL, 3, 7, 'Giza', '', '', NULL, 'Egypt', '', '', '', '0222324554', '', '', '', '', 1, '2016-01-29 09:14:06', 3, NULL, NULL, 1);

-- --------------------------------------------------------

--
-- Table structure for table `k8_configuration`
--

CREATE TABLE IF NOT EXISTS `k8_configuration` (
  `id` int(11) NOT NULL AUTO_INCREMENT,
  `top_organization_id` int(11) NOT NULL,
  `variable` varchar(100) COLLATE utf8_unicode_ci NOT NULL,
  `details` varchar(100) COLLATE utf8_unicode_ci DEFAULT NULL,
  PRIMARY KEY (`id`)
) ENGINE=InnoDB  DEFAULT CHARSET=utf8 COLLATE=utf8_unicode_ci AUTO_INCREMENT=12 ;

--
-- Dumping data for table `k8_configuration`
--

INSERT INTO `k8_configuration` (`id`, `top_organization_id`, `variable`, `details`) VALUES
(1, 1, 'use_letterhead', '0'),
(2, 1, 'cash_payment_method', '1'),
(4, 1, 'sku_column', 'sku'),
(5, 1, 'top_theme_id', '2'),
(6, 1, 'timezone', 'Africa/Cairo'),
(7, 1, 'session_time', '10'),
(8, 1, 'cogs_expense_category', '1'),
(9, 1, 'maintenance_receipt', NULL),
(10, 1, 'sales_invoice', NULL),
(11, 1, 'sales_payment', NULL);

-- --------------------------------------------------------

--
-- Table structure for table `k8_last_visited`
--

CREATE TABLE IF NOT EXISTS `k8_last_visited` (
  `id` int(11) NOT NULL AUTO_INCREMENT,
  `user_id` int(11) NOT NULL,
  `top_page_id` int(11) NOT NULL,
  `top_organization_id` int(11) NOT NULL,
  PRIMARY KEY (`id`)
) ENGINE=InnoDB  DEFAULT CHARSET=utf8 COLLATE=utf8_unicode_ci AUTO_INCREMENT=1019 ;

--
-- Dumping data for table `k8_last_visited`
--

INSERT INTO `k8_last_visited` (`id`, `user_id`, `top_page_id`, `top_organization_id`) VALUES
(1, 8, 113, 1),
(2, 8, 113, 1),
(3, 8, 113, 1),
(4, 8, 113, 1),
(5, 8, 113, 1),
(6, 8, 218, 1),
(7, 8, 103, 1),
(8, 8, 220, 1),
(9, 8, 113, 1),
(10, 8, 113, 1),
(11, 8, 109, 1),
(12, 8, 109, 1),
(13, 8, 113, 1),
(14, 8, 113, 1),
(15, 8, 309, 1),
(16, 8, 309, 1),
(17, 8, 309, 1),
(18, 8, 309, 1),
(19, 8, 312, 1),
(20, 8, 312, 1),
(21, 8, 312, 1),
(22, 8, 312, 1),
(23, 8, 312, 1),
(24, 8, 312, 1),
(25, 8, 312, 1),
(26, 8, 312, 1),
(27, 8, 312, 1),
(28, 8, 312, 1),
(29, 8, 311, 1),
(30, 8, 311, 1),
(31, 8, 311, 1),
(32, 8, 113, 1),
(33, 8, 113, 1),
(34, 8, 113, 1),
(35, 8, 113, 1),
(36, 8, 113, 1),
(37, 8, 113, 1),
(38, 8, 113, 1),
(39, 8, 113, 1),
(40, 8, 113, 1),
(41, 8, 113, 1),
(42, 8, 113, 1),
(43, 8, 113, 1),
(44, 8, 113, 1),
(45, 8, 113, 1),
(46, 8, 113, 1),
(47, 8, 113, 1),
(48, 8, 113, 1),
(49, 8, 113, 1),
(50, 8, 113, 1),
(51, 8, 113, 1),
(52, 8, 113, 1),
(53, 8, 113, 1),
(54, 8, 113, 1),
(55, 8, 113, 1),
(56, 8, 113, 1),
(57, 8, 113, 1),
(58, 8, 113, 1),
(59, 8, 113, 1),
(60, 8, 113, 1),
(61, 8, 113, 1),
(62, 8, 113, 1),
(63, 8, 113, 1),
(64, 8, 113, 1),
(65, 8, 113, 1),
(66, 8, 113, 1),
(67, 8, 113, 1),
(68, 8, 113, 1),
(69, 8, 113, 1),
(70, 8, 113, 1),
(71, 8, 113, 1),
(72, 8, 113, 1),
(73, 8, 113, 1),
(74, 8, 113, 1),
(75, 8, 113, 1),
(76, 8, 113, 1),
(77, 8, 113, 1),
(78, 8, 103, 1),
(79, 8, 103, 1),
(80, 8, 103, 1),
(81, 8, 103, 1),
(82, 8, 103, 1),
(83, 8, 113, 1),
(84, 8, 113, 1),
(85, 8, 113, 1),
(86, 8, 113, 1),
(87, 8, 113, 1),
(88, 8, 113, 1),
(89, 8, 103, 1),
(90, 8, 103, 1),
(91, 8, 103, 1),
(92, 8, 113, 1),
(93, 8, 113, 1),
(94, 8, 113, 1),
(95, 8, 113, 1),
(96, 8, 113, 1),
(97, 8, 113, 1),
(98, 8, 113, 1),
(99, 8, 113, 1),
(100, 8, 113, 1),
(101, 8, 113, 1),
(102, 8, 113, 1),
(103, 8, 113, 1),
(104, 8, 113, 1),
(105, 8, 113, 1),
(106, 8, 113, 1),
(107, 8, 113, 1),
(108, 8, 113, 1),
(109, 8, 113, 1),
(110, 8, 113, 1),
(111, 8, 113, 1),
(112, 8, 113, 1),
(113, 8, 113, 1),
(114, 8, 113, 1),
(115, 8, 113, 1),
(116, 8, 113, 1),
(117, 8, 113, 1),
(118, 8, 113, 1),
(119, 8, 113, 1),
(120, 8, 113, 1),
(121, 8, 113, 1),
(122, 8, 113, 1),
(123, 8, 113, 1),
(124, 8, 113, 1),
(125, 8, 113, 1),
(126, 8, 113, 1),
(127, 8, 113, 1),
(128, 8, 113, 1),
(129, 8, 113, 1),
(130, 8, 113, 1),
(131, 8, 113, 1),
(132, 8, 113, 1),
(133, 8, 113, 1),
(134, 8, 113, 1),
(135, 8, 113, 1),
(136, 8, 113, 1),
(137, 8, 113, 1),
(138, 8, 113, 1),
(139, 8, 113, 1),
(140, 8, 113, 1),
(141, 8, 113, 1),
(142, 8, 113, 1),
(143, 8, 113, 1),
(144, 8, 113, 1),
(145, 8, 113, 1),
(146, 8, 113, 1),
(147, 8, 113, 1),
(148, 8, 113, 1),
(149, 8, 113, 1),
(150, 8, 113, 1),
(151, 8, 113, 1),
(152, 8, 113, 1),
(153, 8, 113, 1),
(154, 8, 113, 1),
(155, 8, 113, 1),
(156, 8, 113, 1),
(157, 8, 113, 1),
(158, 8, 113, 1),
(159, 8, 113, 1),
(160, 8, 113, 1),
(161, 8, 113, 1),
(162, 8, 113, 1),
(163, 8, 113, 1),
(164, 8, 113, 1),
(165, 8, 113, 1),
(166, 8, 113, 1),
(167, 8, 113, 1),
(168, 8, 113, 1),
(169, 8, 113, 1),
(170, 8, 113, 1),
(171, 8, 113, 1),
(172, 8, 113, 1),
(173, 8, 113, 1),
(174, 8, 113, 1),
(175, 8, 113, 1),
(176, 8, 113, 1),
(177, 8, 113, 1),
(178, 8, 113, 1),
(179, 8, 113, 1),
(180, 8, 113, 1),
(181, 8, 113, 1),
(182, 8, 113, 1),
(183, 8, 113, 1),
(184, 8, 113, 1),
(185, 8, 113, 1),
(186, 8, 113, 1),
(187, 8, 113, 1),
(188, 8, 113, 1),
(189, 8, 113, 1),
(190, 8, 113, 1),
(191, 8, 113, 1),
(192, 8, 113, 1),
(193, 8, 113, 1),
(194, 8, 113, 1),
(195, 8, 113, 1),
(196, 8, 113, 1),
(197, 8, 113, 1),
(198, 8, 113, 1),
(199, 8, 113, 1),
(200, 8, 113, 1),
(201, 8, 113, 1),
(202, 8, 113, 1),
(203, 8, 113, 1),
(204, 8, 113, 1),
(205, 8, 113, 1),
(206, 8, 113, 1),
(207, 8, 113, 1),
(208, 8, 113, 1),
(209, 8, 113, 1),
(210, 8, 113, 1),
(211, 8, 113, 1),
(212, 8, 113, 1),
(213, 8, 113, 1),
(214, 8, 113, 1),
(215, 8, 113, 1),
(216, 8, 113, 1),
(217, 8, 113, 1),
(218, 8, 113, 1),
(219, 8, 113, 1),
(220, 8, 113, 1),
(221, 8, 113, 1),
(222, 8, 113, 1),
(223, 8, 113, 1),
(224, 8, 113, 1),
(225, 8, 113, 1),
(226, 8, 113, 1),
(227, 8, 113, 1),
(228, 8, 113, 1),
(229, 8, 113, 1),
(230, 8, 113, 1),
(231, 8, 113, 1),
(232, 8, 113, 1),
(233, 8, 113, 1),
(234, 8, 113, 1),
(235, 8, 113, 1),
(236, 8, 113, 1),
(237, 8, 113, 1),
(238, 8, 113, 1),
(239, 8, 113, 1),
(240, 8, 113, 1),
(241, 8, 113, 1),
(242, 8, 113, 1),
(243, 8, 113, 1),
(244, 8, 113, 1),
(245, 8, 113, 1),
(246, 8, 113, 1),
(247, 8, 113, 1),
(248, 8, 113, 1),
(249, 8, 113, 1),
(250, 8, 113, 1),
(251, 8, 113, 1),
(252, 8, 113, 1),
(253, 8, 113, 1),
(254, 8, 113, 1),
(255, 8, 113, 1),
(256, 8, 113, 1),
(257, 8, 113, 1),
(258, 8, 113, 1),
(259, 8, 113, 1),
(260, 8, 113, 1),
(261, 8, 113, 1),
(262, 8, 113, 1),
(263, 8, 113, 1),
(264, 8, 113, 1),
(265, 8, 113, 1),
(266, 8, 113, 1),
(267, 8, 113, 1),
(268, 8, 113, 1),
(269, 8, 113, 1),
(270, 8, 113, 1),
(271, 8, 113, 1),
(272, 8, 113, 1),
(273, 8, 113, 1),
(274, 8, 113, 1),
(275, 8, 113, 1),
(276, 8, 113, 1),
(277, 8, 113, 1),
(278, 8, 113, 1),
(279, 8, 113, 1),
(280, 8, 113, 1),
(281, 8, 113, 1),
(282, 8, 113, 1),
(283, 8, 113, 1),
(284, 8, 113, 1),
(285, 8, 113, 1),
(286, 8, 113, 1),
(287, 8, 113, 1),
(288, 8, 113, 1),
(289, 8, 113, 1),
(290, 8, 113, 1),
(291, 8, 113, 1),
(292, 8, 113, 1),
(293, 8, 113, 1),
(294, 8, 113, 1),
(295, 8, 113, 1),
(296, 8, 113, 1),
(297, 8, 113, 1),
(298, 8, 113, 1),
(299, 8, 113, 1),
(300, 8, 113, 1),
(301, 8, 113, 1),
(302, 8, 113, 1),
(303, 8, 113, 1),
(304, 8, 113, 1),
(305, 8, 113, 1),
(306, 8, 113, 1),
(307, 8, 113, 1),
(308, 8, 113, 1),
(309, 8, 113, 1),
(310, 8, 113, 1),
(311, 8, 113, 1),
(312, 8, 113, 1),
(313, 8, 113, 1),
(314, 8, 113, 1),
(315, 8, 113, 1),
(316, 8, 113, 1),
(317, 8, 113, 1),
(318, 8, 113, 1),
(319, 8, 113, 1),
(320, 8, 113, 1),
(321, 8, 113, 1),
(322, 8, 113, 1),
(323, 8, 113, 1),
(324, 8, 113, 1),
(325, 8, 113, 1),
(326, 8, 113, 1),
(327, 8, 113, 1),
(328, 8, 113, 1),
(329, 8, 113, 1),
(330, 8, 113, 1),
(331, 8, 113, 1),
(332, 8, 113, 1),
(333, 8, 113, 1),
(334, 8, 113, 1),
(335, 8, 113, 1),
(336, 8, 113, 1),
(337, 8, 113, 1),
(338, 8, 113, 1),
(339, 8, 113, 1),
(340, 8, 113, 1),
(341, 8, 113, 1),
(342, 8, 113, 1),
(343, 8, 113, 1),
(344, 8, 113, 1),
(345, 8, 113, 1),
(346, 8, 113, 1),
(347, 8, 113, 1),
(348, 8, 113, 1),
(349, 8, 113, 1),
(350, 8, 113, 1),
(351, 8, 113, 1),
(352, 8, 113, 1),
(353, 8, 113, 1),
(354, 8, 113, 1),
(355, 8, 113, 1),
(356, 8, 113, 1),
(357, 8, 113, 1),
(358, 8, 113, 1),
(359, 8, 113, 1),
(360, 8, 113, 1),
(361, 8, 113, 1),
(362, 8, 113, 1),
(363, 8, 113, 1),
(364, 8, 113, 1),
(365, 8, 113, 1),
(366, 8, 113, 1),
(367, 8, 113, 1),
(368, 8, 113, 1),
(369, 8, 113, 1),
(370, 8, 113, 1),
(371, 8, 113, 1),
(372, 8, 113, 1),
(373, 8, 113, 1),
(374, 8, 113, 1),
(375, 8, 113, 1),
(376, 8, 113, 1),
(377, 8, 113, 1),
(378, 8, 113, 1),
(379, 8, 113, 1),
(380, 8, 113, 1),
(381, 8, 113, 1),
(382, 8, 113, 1),
(383, 8, 113, 1),
(384, 8, 113, 1),
(385, 8, 113, 1),
(386, 8, 113, 1),
(387, 8, 113, 1),
(388, 8, 113, 1),
(389, 8, 113, 1),
(390, 8, 113, 1),
(391, 8, 113, 1),
(392, 8, 113, 1),
(393, 8, 113, 1),
(394, 8, 113, 1),
(395, 8, 113, 1),
(396, 8, 113, 1),
(397, 8, 113, 1),
(398, 8, 113, 1),
(399, 8, 113, 1),
(400, 8, 113, 1),
(401, 8, 113, 1),
(402, 8, 113, 1),
(403, 8, 113, 1),
(404, 8, 113, 1),
(405, 8, 113, 1),
(406, 8, 113, 1),
(407, 8, 113, 1),
(408, 8, 113, 1),
(409, 8, 113, 1),
(410, 8, 106, 1),
(411, 8, 106, 1),
(412, 8, 106, 1),
(413, 8, 106, 1),
(414, 8, 106, 1),
(415, 8, 106, 1),
(416, 8, 106, 1),
(417, 8, 113, 1),
(418, 8, 113, 1),
(419, 8, 113, 1),
(420, 8, 113, 1),
(421, 8, 113, 1),
(422, 8, 113, 1),
(423, 8, 113, 1),
(424, 8, 113, 1),
(425, 8, 113, 1),
(426, 8, 113, 1),
(427, 8, 113, 1),
(428, 8, 113, 1),
(429, 8, 103, 1),
(430, 8, 103, 1),
(431, 8, 109, 1),
(432, 8, 109, 1),
(433, 8, 109, 1),
(434, 8, 109, 1),
(435, 8, 109, 1),
(436, 8, 109, 1),
(437, 8, 109, 1),
(438, 8, 109, 1),
(439, 8, 109, 1),
(440, 8, 109, 1),
(441, 13, 109, 1),
(442, 13, 109, 1),
(443, 13, 109, 1),
(444, 13, 109, 1),
(445, 13, 109, 1),
(446, 13, 109, 1),
(447, 13, 311, 1),
(448, 13, 311, 1),
(449, 13, 311, 1),
(450, 8, 109, 1),
(451, 8, 109, 1),
(452, 8, 109, 1),
(453, 8, 109, 1),
(454, 14, 113, 1),
(455, 14, 113, 1),
(456, 14, 113, 1),
(457, 14, 113, 1),
(458, 14, 312, 1),
(459, 14, 312, 1),
(460, 14, 311, 1),
(461, 14, 311, 1),
(462, 14, 311, 1),
(463, 14, 312, 1),
(464, 14, 312, 1),
(465, 14, 306, 1),
(466, 14, 312, 1),
(467, 14, 312, 1),
(468, 8, 113, 1),
(469, 8, 113, 1),
(470, 8, 113, 1),
(471, 8, 113, 1),
(472, 8, 113, 1),
(473, 8, 113, 1),
(474, 8, 113, 1),
(475, 8, 113, 1),
(476, 8, 113, 1),
(477, 8, 113, 1),
(478, 8, 113, 1),
(479, 8, 113, 1),
(480, 8, 113, 1),
(481, 8, 113, 1),
(482, 8, 113, 1),
(483, 8, 113, 1),
(484, 8, 113, 1),
(485, 8, 113, 1),
(486, 8, 113, 1),
(487, 8, 113, 1),
(488, 8, 113, 1),
(489, 8, 113, 1),
(490, 8, 113, 1),
(491, 8, 113, 1),
(492, 8, 113, 1),
(493, 8, 113, 1),
(494, 8, 109, 1),
(495, 8, 109, 1),
(496, 8, 109, 1),
(497, 8, 109, 1),
(498, 8, 109, 1),
(499, 8, 109, 1),
(500, 8, 109, 1),
(501, 8, 109, 1),
(502, 8, 109, 1),
(503, 8, 109, 1),
(504, 15, 109, 1),
(505, 15, 109, 1),
(506, 15, 109, 1),
(507, 15, 109, 1),
(508, 8, 109, 1),
(509, 8, 109, 1),
(510, 8, 106, 1),
(511, 8, 106, 1),
(512, 8, 106, 1),
(513, 8, 106, 1),
(514, 8, 113, 1),
(515, 8, 113, 1),
(516, 8, 113, 1),
(517, 8, 113, 1),
(518, 8, 113, 1),
(519, 8, 113, 1),
(520, 8, 113, 1),
(521, 8, 113, 1),
(522, 8, 113, 1),
(523, 8, 113, 1),
(524, 8, 113, 1),
(525, 8, 113, 1),
(526, 8, 113, 1),
(527, 8, 113, 1),
(528, 8, 113, 1),
(529, 8, 113, 1),
(530, 8, 113, 1),
(531, 8, 113, 1),
(532, 8, 113, 1),
(533, 8, 113, 1),
(534, 8, 113, 1),
(535, 8, 113, 1),
(536, 8, 113, 1),
(537, 8, 113, 1),
(538, 8, 113, 1),
(539, 8, 113, 1),
(540, 8, 113, 1),
(541, 8, 113, 1),
(542, 8, 113, 1),
(543, 8, 113, 1),
(544, 8, 311, 1),
(545, 8, 311, 1),
(546, 8, 311, 1),
(547, 8, 311, 1),
(548, 8, 103, 1),
(549, 8, 103, 1),
(550, 8, 103, 1),
(551, 8, 113, 1),
(552, 8, 113, 1),
(553, 8, 113, 1),
(554, 8, 113, 1),
(555, 8, 113, 1),
(556, 8, 113, 1),
(557, 8, 311, 1),
(558, 8, 311, 1),
(559, 8, 311, 1),
(560, 8, 311, 1),
(561, 8, 311, 1),
(562, 8, 311, 1),
(563, 8, 311, 1),
(564, 8, 311, 1),
(565, 8, 311, 1),
(566, 8, 311, 1),
(567, 8, 311, 1),
(568, 8, 311, 1),
(569, 8, 311, 1),
(570, 8, 311, 1),
(571, 8, 311, 1),
(572, 8, 113, 1),
(573, 8, 113, 1),
(574, 8, 113, 1),
(575, 8, 113, 1),
(576, 8, 113, 1),
(577, 8, 113, 1),
(578, 8, 113, 1),
(579, 8, 113, 1),
(580, 8, 113, 1),
(581, 8, 113, 1),
(582, 8, 113, 1),
(583, 8, 113, 1),
(584, 8, 113, 1),
(585, 8, 113, 1),
(586, 8, 113, 1),
(587, 8, 113, 1),
(588, 8, 113, 1),
(589, 8, 311, 1),
(590, 8, 311, 1),
(591, 8, 311, 1),
(592, 8, 311, 1),
(593, 8, 311, 1),
(594, 8, 311, 1),
(595, 8, 311, 1),
(596, 8, 311, 1),
(597, 8, 311, 1),
(598, 8, 311, 1),
(599, 8, 311, 1),
(600, 8, 311, 1),
(601, 8, 311, 1),
(602, 8, 311, 1),
(603, 8, 311, 1),
(604, 8, 311, 1),
(605, 8, 311, 1),
(606, 8, 311, 1),
(607, 8, 311, 1),
(608, 8, 311, 1),
(609, 8, 311, 1),
(610, 8, 311, 1),
(611, 8, 311, 1),
(612, 8, 311, 1),
(613, 8, 311, 1),
(614, 8, 311, 1),
(615, 8, 311, 1),
(616, 8, 311, 1),
(617, 8, 311, 1),
(618, 8, 311, 1),
(619, 8, 311, 1),
(620, 8, 311, 1),
(621, 8, 311, 1),
(622, 8, 311, 1),
(623, 8, 311, 1),
(624, 8, 311, 1),
(625, 8, 311, 1),
(626, 8, 301, 1),
(627, 8, 301, 1),
(628, 8, 301, 1),
(629, 8, 301, 1),
(630, 8, 103, 1),
(631, 8, 103, 1),
(632, 8, 217, 1),
(633, 8, 217, 1),
(634, 8, 219, 1),
(635, 8, 218, 1),
(636, 8, 220, 1),
(637, 8, 217, 1),
(638, 8, 217, 1),
(639, 8, 221, 1),
(640, 8, 221, 1),
(641, 8, 221, 1),
(642, 8, 221, 1),
(643, 8, 221, 1),
(644, 8, 221, 1),
(645, 8, 221, 1),
(646, 8, 221, 1),
(647, 8, 221, 1),
(648, 8, 221, 1),
(649, 8, 221, 1),
(650, 8, 221, 1),
(651, 8, 221, 1),
(652, 8, 221, 1),
(653, 8, 221, 1),
(654, 8, 221, 1),
(655, 8, 221, 1),
(656, 8, 221, 1),
(657, 8, 221, 1),
(658, 8, 221, 1),
(659, 8, 221, 1),
(660, 8, 221, 1),
(661, 8, 221, 1),
(662, 8, 221, 1),
(663, 8, 221, 1),
(664, 8, 221, 1),
(665, 8, 221, 1),
(666, 8, 221, 1),
(667, 8, 221, 1),
(668, 8, 221, 1),
(669, 8, 221, 1),
(670, 8, 221, 1),
(671, 8, 221, 1),
(672, 8, 221, 1),
(673, 8, 221, 1),
(674, 8, 221, 1),
(675, 8, 221, 1),
(676, 8, 221, 1),
(677, 8, 221, 1),
(678, 8, 221, 1),
(679, 8, 221, 1),
(680, 8, 221, 1),
(681, 8, 221, 1),
(682, 8, 221, 1),
(683, 8, 221, 1),
(684, 8, 221, 1),
(685, 8, 221, 1),
(686, 8, 221, 1),
(687, 8, 221, 1),
(688, 8, 221, 1),
(689, 8, 221, 1),
(690, 8, 221, 1),
(691, 8, 221, 1),
(692, 8, 221, 1),
(693, 8, 221, 1),
(694, 8, 221, 1),
(695, 8, 221, 1),
(696, 8, 221, 1),
(697, 8, 221, 1),
(698, 8, 221, 1),
(699, 8, 221, 1),
(700, 8, 221, 1),
(701, 8, 221, 1),
(702, 8, 221, 1),
(703, 8, 221, 1),
(704, 8, 221, 1),
(705, 8, 221, 1),
(706, 8, 221, 1),
(707, 8, 221, 1),
(708, 8, 221, 1),
(709, 8, 221, 1),
(710, 8, 221, 1),
(711, 8, 221, 1),
(712, 8, 221, 1),
(713, 8, 221, 1),
(714, 8, 221, 1),
(715, 8, 221, 1),
(716, 8, 221, 1),
(717, 8, 221, 1),
(718, 8, 221, 1),
(719, 8, 221, 1),
(720, 8, 221, 1),
(721, 8, 221, 1),
(722, 8, 221, 1),
(723, 8, 221, 1),
(724, 8, 221, 1),
(725, 8, 221, 1),
(726, 8, 221, 1),
(727, 8, 221, 1),
(728, 8, 221, 1),
(729, 8, 221, 1),
(730, 8, 221, 1),
(731, 8, 221, 1),
(732, 8, 221, 1),
(733, 8, 221, 1),
(734, 8, 221, 1),
(735, 8, 221, 1),
(736, 8, 221, 1),
(737, 8, 221, 1),
(738, 8, 221, 1),
(739, 8, 221, 1),
(740, 8, 221, 1),
(741, 8, 221, 1),
(742, 8, 221, 1),
(743, 8, 221, 1),
(744, 8, 221, 1),
(745, 8, 221, 1),
(746, 8, 221, 1),
(747, 8, 221, 1),
(748, 8, 221, 1),
(749, 8, 221, 1),
(750, 8, 221, 1),
(751, 8, 221, 1),
(752, 8, 221, 1),
(753, 8, 221, 1),
(754, 8, 221, 1),
(755, 8, 221, 1),
(756, 8, 221, 1),
(757, 8, 221, 1),
(758, 8, 221, 1),
(759, 8, 221, 1),
(760, 8, 221, 1),
(761, 8, 113, 1),
(762, 8, 113, 1),
(763, 8, 221, 1),
(764, 8, 221, 1),
(765, 8, 221, 1),
(766, 8, 221, 1),
(767, 8, 221, 1),
(768, 8, 221, 1),
(769, 8, 221, 1),
(770, 8, 221, 1),
(771, 8, 221, 1),
(772, 8, 221, 1),
(773, 8, 221, 1),
(774, 8, 221, 1),
(775, 8, 103, 1),
(776, 8, 103, 1),
(777, 8, 103, 1),
(778, 8, 103, 1),
(779, 8, 311, 1),
(780, 8, 311, 1),
(781, 8, 311, 1),
(782, 8, 311, 1),
(783, 8, 311, 1),
(784, 8, 311, 1),
(785, 8, 311, 1),
(786, 8, 311, 1),
(787, 8, 311, 1),
(788, 8, 311, 1),
(789, 8, 311, 1),
(790, 8, 311, 1),
(791, 8, 311, 1),
(792, 8, 311, 1),
(793, 8, 311, 1),
(794, 8, 311, 1),
(795, 8, 311, 1),
(796, 8, 311, 1),
(797, 8, 311, 1),
(798, 8, 311, 1),
(799, 8, 311, 1),
(800, 8, 311, 1),
(801, 8, 311, 1),
(802, 8, 311, 1),
(803, 8, 311, 1),
(804, 8, 311, 1),
(805, 8, 311, 1),
(806, 8, 311, 1),
(807, 8, 311, 1),
(808, 8, 311, 1),
(809, 8, 311, 1),
(810, 8, 311, 1),
(811, 8, 311, 1),
(812, 8, 311, 1),
(813, 8, 311, 1),
(814, 8, 103, 1),
(815, 8, 103, 1),
(816, 8, 311, 1),
(817, 8, 311, 1),
(818, 8, 311, 1),
(819, 8, 311, 1),
(820, 8, 311, 1),
(821, 8, 311, 1),
(822, 8, 311, 1),
(823, 8, 311, 1),
(824, 8, 311, 1),
(825, 8, 311, 1),
(826, 8, 311, 1),
(827, 8, 311, 1),
(828, 8, 311, 1),
(829, 8, 311, 1),
(830, 8, 311, 1),
(831, 8, 311, 1),
(832, 8, 311, 1),
(833, 8, 311, 1),
(834, 8, 311, 1),
(835, 8, 311, 1),
(836, 8, 311, 1),
(837, 8, 311, 1),
(838, 8, 311, 1),
(839, 8, 311, 1),
(840, 8, 311, 1),
(841, 8, 311, 1),
(842, 8, 311, 1),
(843, 8, 311, 1),
(844, 8, 311, 1),
(845, 8, 311, 1),
(846, 8, 221, 1),
(847, 8, 221, 1),
(848, 8, 221, 1),
(849, 8, 221, 1),
(850, 8, 221, 1),
(851, 8, 221, 1),
(852, 8, 221, 1),
(853, 8, 221, 1),
(854, 8, 221, 1),
(855, 8, 221, 1),
(856, 8, 221, 1),
(857, 8, 221, 1),
(858, 8, 221, 1),
(859, 8, 221, 1),
(860, 8, 221, 1),
(861, 8, 221, 1),
(862, 8, 221, 1),
(863, 8, 221, 1),
(864, 8, 221, 1),
(865, 8, 221, 1),
(866, 8, 221, 1),
(867, 8, 221, 1),
(868, 8, 221, 1),
(869, 8, 221, 1),
(870, 8, 221, 1),
(871, 8, 221, 1),
(872, 8, 221, 1),
(873, 8, 221, 1),
(874, 8, 221, 1),
(875, 8, 221, 1),
(876, 8, 221, 1),
(877, 8, 221, 1),
(878, 8, 221, 1),
(879, 8, 221, 1),
(880, 8, 221, 1),
(881, 8, 221, 1),
(882, 8, 221, 1),
(883, 8, 221, 1),
(884, 8, 221, 1),
(885, 8, 221, 1),
(886, 8, 221, 1),
(887, 8, 221, 1),
(888, 8, 221, 1),
(889, 8, 221, 1),
(890, 8, 221, 1),
(891, 8, 221, 1),
(892, 8, 221, 1),
(893, 8, 221, 1),
(894, 8, 221, 1),
(895, 8, 221, 1),
(896, 8, 221, 1),
(897, 8, 221, 1),
(898, 8, 221, 1),
(899, 8, 221, 1),
(900, 8, 221, 1),
(901, 8, 221, 1),
(902, 8, 221, 1),
(903, 8, 221, 1),
(904, 8, 221, 1),
(905, 8, 221, 1),
(906, 8, 221, 1),
(907, 8, 221, 1),
(908, 8, 221, 1),
(909, 8, 221, 1),
(910, 8, 221, 1),
(911, 8, 221, 1),
(912, 8, 103, 1),
(913, 8, 113, 1),
(914, 8, 113, 1),
(915, 8, 311, 1),
(916, 8, 311, 1),
(917, 8, 311, 1),
(918, 8, 311, 1),
(919, 8, 311, 1),
(920, 8, 311, 1),
(921, 8, 311, 1),
(922, 8, 311, 1),
(923, 8, 311, 1),
(924, 8, 311, 1),
(925, 8, 311, 1),
(926, 8, 221, 1),
(927, 8, 221, 1),
(928, 8, 221, 1),
(929, 8, 221, 1),
(930, 8, 221, 1),
(931, 8, 221, 1),
(932, 8, 221, 1),
(933, 8, 221, 1),
(934, 8, 221, 1),
(935, 8, 221, 1),
(936, 8, 221, 1),
(937, 8, 221, 1),
(938, 8, 221, 1),
(939, 8, 221, 1),
(940, 8, 221, 1),
(941, 8, 221, 1),
(942, 8, 221, 1),
(943, 8, 221, 1),
(944, 8, 221, 1),
(945, 8, 221, 1),
(946, 8, 221, 1),
(947, 8, 221, 1),
(948, 8, 221, 1),
(949, 8, 221, 1),
(950, 8, 221, 1),
(951, 8, 221, 1),
(952, 8, 221, 1),
(953, 8, 221, 1),
(954, 8, 221, 1),
(955, 8, 221, 1),
(956, 8, 113, 1),
(957, 8, 113, 1),
(958, 8, 311, 1),
(959, 8, 311, 1),
(960, 8, 311, 1),
(961, 8, 311, 1),
(962, 8, 311, 1),
(963, 8, 221, 1),
(964, 8, 221, 1),
(965, 8, 221, 1),
(966, 8, 221, 1),
(967, 15, 305, 1),
(968, 15, 306, 1),
(969, 15, 113, 1),
(970, 15, 113, 1),
(971, 15, 312, 1),
(972, 15, 312, 1),
(973, 15, 304, 1),
(974, 15, 304, 1),
(975, 15, 301, 1),
(976, 15, 301, 1),
(977, 15, 2, 1),
(978, 15, 311, 1),
(979, 15, 311, 1),
(980, 15, 311, 1),
(981, 15, 113, 1),
(982, 15, 113, 1),
(983, 8, 221, 1),
(984, 8, 221, 1),
(985, 8, 221, 1),
(986, 8, 221, 1),
(987, 8, 311, 1),
(988, 8, 311, 1),
(989, 8, 311, 1),
(990, 8, 109, 1),
(991, 8, 109, 1),
(992, 8, 221, 1),
(993, 8, 221, 1),
(994, 8, 221, 1),
(995, 8, 221, 1),
(996, 8, 218, 1),
(997, 8, 103, 1),
(998, 8, 311, 1),
(999, 8, 311, 1),
(1000, 8, 311, 1),
(1001, 8, 311, 1),
(1002, 8, 311, 1),
(1003, 8, 311, 1),
(1004, 8, 311, 1),
(1005, 8, 311, 1),
(1006, 8, 311, 1),
(1007, 8, 103, 1),
(1008, 8, 311, 1),
(1009, 8, 311, 1),
(1010, 8, 311, 1),
(1011, 8, 311, 1),
(1012, 8, 311, 1),
(1013, 8, 311, 1),
(1014, 8, 311, 1),
(1015, 8, 312, 1),
(1016, 8, 312, 1),
(1017, 8, 113, 1),
(1018, 8, 113, 1);

-- --------------------------------------------------------

--
-- Table structure for table `k8_role`
--

CREATE TABLE IF NOT EXISTS `k8_role` (
  `id` int(11) NOT NULL AUTO_INCREMENT,
  `name` varchar(100) COLLATE utf8_unicode_ci NOT NULL,
  `comments` text COLLATE utf8_unicode_ci,
  `top_organization_id` int(11) NOT NULL,
  `created` datetime NOT NULL,
  `created_by` int(11) NOT NULL,
  `modified` datetime DEFAULT NULL,
  `modified_by` int(11) DEFAULT NULL,
  `is_active` tinyint(4) NOT NULL DEFAULT '1',
  PRIMARY KEY (`id`)
) ENGINE=InnoDB  DEFAULT CHARSET=utf8 COLLATE=utf8_unicode_ci AUTO_INCREMENT=11 ;

--
-- Dumping data for table `k8_role`
--

INSERT INTO `k8_role` (`id`, `name`, `comments`, `top_organization_id`, `created`, `created_by`, `modified`, `modified_by`, `is_active`) VALUES
(1, 'Unlimited', '', 1, '2015-06-10 18:35:18', 1, NULL, NULL, 1),
(6, 'Support Agent', '', 1, '2016-03-12 09:04:36', 2, NULL, NULL, 1),
(7, 'Accountant', 'Mr.Sayed', 1, '2016-03-12 09:04:40', 2, '2016-06-19 03:36:24', 7, 1),
(8, 'General Manager', 'Mr. Amr', 1, '2016-06-19 04:09:50', 7, '2016-06-19 04:10:10', 7, 0),
(9, 'Help Desk', '', 1, '2016-06-19 04:16:03', 7, NULL, NULL, 1),
(10, 'Top_Management', 'Dr. Wael & Dr. Haytham', 1, '2016-06-25 13:54:48', 8, NULL, NULL, 1);

-- --------------------------------------------------------

--
-- Table structure for table `k8_role_access`
--

CREATE TABLE IF NOT EXISTS `k8_role_access` (
  `id` int(11) NOT NULL AUTO_INCREMENT,
  `role_id` int(11) NOT NULL,
  `top_page_id` int(11) NOT NULL,
  `top_role_access_type_id` int(11) NOT NULL,
  `comments` text COLLATE utf8_unicode_ci,
  `top_organization_id` int(11) NOT NULL,
  `created` datetime NOT NULL,
  `created_by` int(11) NOT NULL,
  `modified` datetime DEFAULT NULL,
  `modified_by` int(11) DEFAULT NULL,
  `is_active` tinyint(4) NOT NULL DEFAULT '1',
  PRIMARY KEY (`id`)
) ENGINE=InnoDB  DEFAULT CHARSET=utf8 COLLATE=utf8_unicode_ci AUTO_INCREMENT=177 ;

--
-- Dumping data for table `k8_role_access`
--

INSERT INTO `k8_role_access` (`id`, `role_id`, `top_page_id`, `top_role_access_type_id`, `comments`, `top_organization_id`, `created`, `created_by`, `modified`, `modified_by`, `is_active`) VALUES
(1, 1, 103, 25, NULL, 1, '2016-01-22 19:27:07', 0, NULL, NULL, 1),
(88, 1, 217, 25, NULL, 1, '2016-01-22 19:27:07', 0, NULL, NULL, 1),
(89, 1, 106, 25, NULL, 1, '2016-01-22 19:27:07', 0, NULL, NULL, 1),
(92, 1, 109, 25, NULL, 1, '2016-01-22 19:27:07', 0, NULL, NULL, 1),
(100, 1, 113, 25, NULL, 1, '2016-01-22 19:27:07', 0, NULL, NULL, 1),
(121, 1, 301, 25, NULL, 1, '2016-01-22 19:27:07', 0, NULL, NULL, 1),
(122, 1, 302, 25, NULL, 1, '2016-01-22 19:27:07', 0, NULL, NULL, 1),
(123, 1, 303, 25, NULL, 1, '2016-01-22 19:27:07', 0, NULL, NULL, 1),
(124, 1, 304, 25, 'Suppliers Orders Sheet', 1, '2016-01-22 19:27:07', 0, NULL, NULL, 1),
(125, 1, 305, 25, 'shipping forms page', 1, '2016-01-22 19:27:07', 0, NULL, NULL, 1),
(126, 1, 306, 25, 'IR contracts page', 1, '2016-01-22 19:27:07', 0, NULL, NULL, 1),
(127, 1, 114, 25, 'Set EC Limit for Acc', 1, '2016-01-22 19:27:07', 0, NULL, NULL, 1),
(128, 1, 218, 25, 'access for accountant to transfer money to managers IRs', 1, '2016-06-11 19:27:07', 0, NULL, NULL, 1),
(129, 1, 219, 25, 'Allow MAnagers to payback to the accountant', 1, '2016-06-11 19:27:07', 0, NULL, NULL, 1),
(130, 1, 307, 25, 'window for accountant , so to allow him to show and print IRs balance sheets and his balance sheet as well', 1, '2016-06-11 19:27:07', 0, NULL, NULL, 1),
(131, 1, 115, 25, 'manage adding new announcements to the users dashboard', 1, '2016-06-11 19:27:07', 0, NULL, NULL, 1),
(132, 1, 309, 25, 'show not qualified IRs and their Refferal contact for verification process', 1, '2016-06-11 19:27:07', 0, NULL, NULL, 1),
(133, 1, 220, 25, '', 1, '2016-06-13 04:41:09', 1, NULL, NULL, 1),
(134, 1, 310, 25, '', 1, '2016-06-13 04:41:09', 1, NULL, NULL, 1),
(135, 7, 218, 25, '', 1, '2016-06-19 03:37:56', 7, NULL, NULL, 1),
(136, 7, 219, 25, '', 1, '2016-06-19 04:02:50', 7, NULL, NULL, 1),
(137, 7, 302, 25, '', 1, '2016-06-19 04:03:32', 7, NULL, NULL, 1),
(138, 7, 304, 25, '', 1, '2016-06-19 04:05:10', 7, NULL, NULL, 1),
(139, 7, 305, 25, '', 1, '2016-06-19 04:05:29', 7, NULL, NULL, 1),
(140, 7, 307, 25, '', 1, '2016-06-19 04:06:04', 7, NULL, NULL, 1),
(141, 7, 310, 25, '', 1, '2016-06-19 04:06:22', 7, NULL, NULL, 1),
(142, 8, 113, 25, '', 1, '2016-06-19 04:10:28', 7, NULL, NULL, 1),
(143, 8, 114, 25, '', 1, '2016-06-19 04:10:42', 7, NULL, NULL, 1),
(144, 8, 301, 25, '', 1, '2016-06-19 04:11:06', 7, NULL, NULL, 1),
(145, 8, 302, 25, '', 1, '2016-06-19 04:11:48', 7, NULL, NULL, 1),
(146, 8, 303, 25, '', 1, '2016-06-19 04:12:01', 7, NULL, NULL, 1),
(147, 8, 306, 25, '', 1, '2016-06-19 04:12:29', 7, NULL, NULL, 1),
(148, 8, 309, 25, '', 1, '2016-06-19 04:12:48', 7, NULL, NULL, 1),
(149, 9, 217, 25, '', 1, '2016-06-19 04:16:28', 7, NULL, NULL, 1),
(150, 9, 306, 25, '', 1, '2016-06-19 04:17:00', 7, NULL, NULL, 1),
(151, 9, 220, 25, '', 1, '2016-06-19 04:17:16', 7, NULL, NULL, 1),
(152, 9, 305, 25, '', 1, '2016-06-20 23:18:20', 7, NULL, NULL, 1),
(153, 10, 103, 25, '', 1, '2016-06-25 13:55:22', 8, NULL, NULL, 1),
(154, 10, 106, 1, '', 1, '2016-06-25 13:55:50', 8, '2016-06-25 14:25:23', 8, 1),
(155, 10, 109, 1, '', 1, '2016-06-25 13:56:13', 8, '2016-06-25 14:25:00', 8, 1),
(156, 10, 113, 25, '', 1, '2016-06-25 13:56:41', 8, NULL, NULL, 1),
(157, 10, 115, 25, '', 1, '2016-06-25 13:56:58', 8, NULL, NULL, 1),
(158, 10, 217, 25, '', 1, '2016-06-25 13:58:47', 8, NULL, NULL, 1),
(159, 10, 220, 25, '', 1, '2016-06-25 13:59:10', 8, NULL, NULL, 1),
(160, 10, 301, 25, '', 1, '2016-06-25 13:59:22', 8, NULL, NULL, 1),
(161, 10, 302, 25, '', 1, '2016-06-25 13:59:40', 8, NULL, NULL, 1),
(162, 10, 303, 25, '', 1, '2016-06-25 14:00:08', 8, NULL, NULL, 1),
(163, 10, 304, 25, '', 1, '2016-06-25 14:00:23', 8, NULL, NULL, 1),
(164, 10, 305, 25, '', 1, '2016-06-25 14:00:34', 8, NULL, NULL, 1),
(165, 10, 306, 25, '', 1, '2016-06-25 14:00:51', 8, NULL, NULL, 1),
(166, 10, 307, 25, '', 1, '2016-06-25 14:01:08', 8, NULL, NULL, 1),
(167, 10, 309, 25, '', 1, '2016-06-25 14:01:22', 8, NULL, NULL, 1),
(168, 10, 310, 25, '', 1, '2016-06-25 14:01:32', 8, NULL, NULL, 1),
(169, 11, 114, 25, '', 1, '2016-06-25 14:08:11', 12, NULL, NULL, 0),
(170, 1, 311, 25, 'Ordres Status Report WF', 1, '2016-07-02 19:27:07', 0, NULL, NULL, 1),
(171, 10, 311, 25, '', 1, '2016-07-03 16:13:21', 8, NULL, NULL, 1),
(172, 8, 311, 25, '', 1, '2016-07-03 16:13:39', 8, NULL, NULL, 1),
(173, 1, 312, 25, 'IR Details Report', 1, '2016-07-04 19:27:07', 0, NULL, NULL, 1),
(174, 10, 312, 25, '', 1, '2016-07-05 15:17:48', 8, NULL, NULL, 1),
(175, 8, 312, 25, '', 1, '2016-07-05 15:18:12', 8, NULL, NULL, 1),
(176, 1, 221, 25, 'Manage Scratch/Credit Cards', 1, '2017-02-01 11:00:00', 0, NULL, NULL, 1);

-- --------------------------------------------------------

--
-- Table structure for table `k8_time_log`
--

CREATE TABLE IF NOT EXISTS `k8_time_log` (
  `id` int(11) NOT NULL AUTO_INCREMENT,
  `user_id` int(11) NOT NULL,
  `login_time` datetime DEFAULT NULL,
  `logout_time` datetime DEFAULT NULL,
  `time_zone` varchar(100) COLLATE utf8_unicode_ci NOT NULL,
  PRIMARY KEY (`id`)
) ENGINE=InnoDB  DEFAULT CHARSET=utf8 COLLATE=utf8_unicode_ci AUTO_INCREMENT=175 ;

--
-- Dumping data for table `k8_time_log`
--

INSERT INTO `k8_time_log` (`id`, `user_id`, `login_time`, `logout_time`, `time_zone`) VALUES
(1, 0, NULL, '2016-08-31 18:10:13', ''),
(2, 8, '2016-10-13 19:42:05', NULL, 'Africa/Cairo'),
(3, 0, NULL, '2016-10-13 17:45:39', ''),
(4, 8, '2016-10-13 19:47:54', NULL, 'Africa/Cairo'),
(5, 8, '2016-10-19 18:16:18', NULL, 'Africa/Cairo'),
(6, 0, NULL, '2016-10-19 17:11:14', ''),
(7, 8, '2016-10-19 19:12:37', NULL, 'Africa/Cairo'),
(8, 0, NULL, '2016-10-19 17:24:53', ''),
(9, 8, '2016-10-19 19:25:35', NULL, 'Africa/Cairo'),
(10, 0, NULL, '2016-10-19 19:48:29', ''),
(11, 8, '2016-10-19 21:49:17', NULL, 'Africa/Cairo'),
(12, 0, NULL, '2016-10-19 19:53:17', ''),
(13, 8, '2016-10-19 21:53:28', NULL, 'Africa/Cairo'),
(14, 0, NULL, '2016-12-19 08:55:29', ''),
(15, 8, '2016-12-19 11:09:19', NULL, 'Africa/Cairo'),
(16, 8, '2016-12-19 13:53:23', NULL, 'Africa/Cairo'),
(17, 8, '2016-12-19 15:31:13', NULL, 'Africa/Cairo'),
(18, 8, '2016-12-19 17:54:50', NULL, 'Africa/Cairo'),
(19, 8, NULL, '2016-12-19 18:28:33', 'Africa/Cairo'),
(20, 8, '2016-12-19 18:42:26', NULL, 'Africa/Cairo'),
(21, 8, '2016-12-19 22:01:26', NULL, 'Africa/Cairo'),
(22, 8, NULL, '2016-12-19 22:09:36', 'Africa/Cairo'),
(23, 8, '2016-12-19 22:23:06', NULL, 'Africa/Cairo'),
(24, 8, NULL, '2016-12-19 23:40:08', 'Africa/Cairo'),
(25, 8, '2016-12-19 23:52:29', NULL, 'Africa/Cairo'),
(26, 8, '2016-12-20 09:41:22', NULL, 'Africa/Cairo'),
(27, 8, NULL, '2016-12-20 09:41:22', 'Africa/Cairo'),
(28, 8, '2016-12-20 09:52:36', NULL, 'Africa/Cairo'),
(29, 8, '2016-12-20 14:53:26', NULL, 'Africa/Cairo'),
(30, 8, NULL, '2016-12-20 14:53:26', 'Africa/Cairo'),
(31, 8, '2016-12-20 14:55:14', NULL, 'Africa/Cairo'),
(32, 8, NULL, '2016-12-20 14:57:54', 'Africa/Cairo'),
(33, 8, '2016-12-20 14:57:59', NULL, 'Africa/Cairo'),
(34, 8, NULL, '2016-12-20 15:03:37', 'Africa/Cairo'),
(35, 13, '2016-12-20 15:03:47', NULL, 'Africa/Cairo'),
(36, 13, NULL, '2016-12-20 15:04:10', 'Africa/Cairo'),
(37, 13, '2016-12-20 15:04:16', NULL, 'Africa/Cairo'),
(38, 13, '2016-12-30 17:50:14', NULL, 'Africa/Cairo'),
(39, 13, NULL, '2016-12-30 17:50:14', 'Africa/Cairo'),
(40, 13, '2016-12-30 18:00:37', NULL, 'Africa/Cairo'),
(41, 0, NULL, '2017-01-09 09:17:06', ''),
(42, 8, '2017-01-09 11:19:24', NULL, 'Africa/Cairo'),
(43, 8, NULL, '2017-01-09 11:20:16', 'Africa/Cairo'),
(44, 14, '2017-01-09 11:20:26', NULL, 'Africa/Cairo'),
(45, 14, NULL, '2017-01-09 11:20:26', 'Africa/Cairo'),
(46, 0, NULL, '2017-01-09 09:21:58', ''),
(47, 14, '2017-01-09 11:25:52', NULL, 'Africa/Cairo'),
(48, 14, '2017-01-10 17:49:59', NULL, 'Africa/Cairo'),
(49, 14, '2017-01-10 17:50:08', NULL, 'Africa/Cairo'),
(50, 14, NULL, '2017-01-10 18:09:46', 'Africa/Cairo'),
(51, 14, '2017-01-10 18:28:23', NULL, 'Africa/Cairo'),
(52, 8, '2017-01-25 10:55:29', NULL, 'Africa/Cairo'),
(53, 0, NULL, '2017-01-25 10:19:04', ''),
(54, 0, NULL, '2017-01-25 10:05:34', ''),
(55, 8, '2017-01-25 12:37:45', NULL, 'Africa/Cairo'),
(56, 8, '2017-01-26 13:33:08', NULL, 'Africa/Cairo'),
(57, 8, '2017-01-26 15:10:06', NULL, 'Africa/Cairo'),
(58, 8, NULL, '2017-01-26 15:12:33', 'Africa/Cairo'),
(59, 15, '2017-01-26 15:12:42', NULL, 'Africa/Cairo'),
(60, 15, NULL, '2017-01-26 15:24:47', 'Africa/Cairo'),
(61, 15, '2017-01-26 15:24:57', NULL, 'Africa/Cairo'),
(62, 15, NULL, '2017-01-26 15:24:57', 'Africa/Cairo'),
(63, 15, '2017-01-26 15:25:10', NULL, 'Africa/Cairo'),
(64, 0, NULL, '2017-01-27 13:16:20', ''),
(65, 8, '2017-01-27 15:20:17', NULL, 'Africa/Cairo'),
(66, 8, '2017-01-27 17:02:01', NULL, 'Africa/Cairo'),
(67, 8, NULL, '2017-01-27 17:02:37', 'Africa/Cairo'),
(68, 8, '2017-01-27 17:19:34', NULL, 'Africa/Cairo'),
(69, 8, NULL, '2017-01-27 17:26:50', 'Africa/Cairo'),
(70, 8, '2017-01-27 17:38:26', NULL, 'Africa/Cairo'),
(71, 8, NULL, '2017-01-27 17:47:39', 'Africa/Cairo'),
(72, 8, '2017-01-27 18:03:28', NULL, 'Africa/Cairo'),
(73, 8, NULL, '2017-01-27 18:03:44', 'Africa/Cairo'),
(74, 8, '2017-01-27 18:23:22', NULL, 'Africa/Cairo'),
(75, 0, NULL, '2017-01-29 17:36:34', ''),
(76, 8, '2017-01-29 19:51:41', NULL, 'Africa/Cairo'),
(77, 8, '2017-01-30 09:55:58', NULL, 'Africa/Cairo'),
(78, 8, NULL, '2017-01-30 09:56:30', 'Africa/Cairo'),
(79, 8, '2017-01-30 10:13:26', NULL, 'Africa/Cairo'),
(80, 8, '2017-01-30 12:19:14', NULL, 'Africa/Cairo'),
(81, 8, '2017-01-30 14:22:48', NULL, 'Africa/Cairo'),
(82, 8, NULL, '2017-01-30 14:29:58', 'Africa/Cairo'),
(83, 8, '2017-01-30 14:42:14', NULL, 'Africa/Cairo'),
(84, 8, '2017-01-30 16:44:50', NULL, 'Africa/Cairo'),
(85, 8, NULL, '2017-01-30 16:45:04', 'Africa/Cairo'),
(86, 8, '2017-01-30 17:04:07', NULL, 'Africa/Cairo'),
(87, 8, NULL, '2017-01-30 17:04:21', 'Africa/Cairo'),
(88, 8, '2017-01-30 17:23:27', NULL, 'Africa/Cairo'),
(89, 8, '2017-01-30 22:39:27', NULL, 'Africa/Cairo'),
(90, 8, '2017-02-01 11:47:18', NULL, 'Africa/Cairo'),
(91, 8, '2017-02-01 13:00:37', NULL, 'Africa/Cairo'),
(92, 8, NULL, '2017-02-01 13:11:48', 'Africa/Cairo'),
(93, 8, '2017-02-01 13:35:38', NULL, 'Africa/Cairo'),
(94, 8, '2017-02-01 15:04:59', NULL, 'Africa/Cairo'),
(95, 8, NULL, '2017-02-01 15:17:39', 'Africa/Cairo'),
(96, 8, '2017-02-01 15:30:42', NULL, 'Africa/Cairo'),
(97, 8, '2017-02-01 18:22:55', NULL, 'Africa/Cairo'),
(98, 8, NULL, '2017-02-01 18:56:32', 'Africa/Cairo'),
(99, 8, '2017-02-01 19:22:22', NULL, 'Africa/Cairo'),
(100, 8, '2017-02-02 10:11:02', NULL, 'Africa/Cairo'),
(101, 8, NULL, '2017-02-02 10:20:20', 'Africa/Cairo'),
(102, 8, '2017-02-02 10:33:01', NULL, 'Africa/Cairo'),
(103, 8, '2017-02-02 11:32:15', NULL, 'Africa/Cairo'),
(104, 8, '2017-02-02 17:37:13', NULL, 'Africa/Cairo'),
(105, 0, NULL, '2017-02-02 15:45:05', ''),
(106, 8, '2017-02-02 17:45:26', NULL, 'Africa/Cairo'),
(107, 0, NULL, '2017-02-02 16:00:39', ''),
(108, 8, '2017-02-02 18:33:12', NULL, 'Africa/Cairo'),
(109, 8, NULL, '2017-02-02 18:54:34', 'Africa/Cairo'),
(110, 8, '2017-02-02 19:14:50', NULL, 'Africa/Cairo'),
(111, 8, '2017-02-02 19:35:03', NULL, 'Africa/Cairo'),
(112, 8, '2017-02-03 15:34:02', NULL, 'Africa/Cairo'),
(113, 8, '2017-02-03 20:50:55', NULL, 'Africa/Cairo'),
(114, 8, NULL, '2017-02-03 20:58:41', 'Africa/Cairo'),
(115, 8, '2017-02-03 21:12:54', NULL, 'Africa/Cairo'),
(116, 8, NULL, '2017-02-03 21:20:53', 'Africa/Cairo'),
(117, 8, '2017-02-03 21:35:58', NULL, 'Africa/Cairo'),
(118, 8, NULL, '2017-02-03 21:37:15', 'Africa/Cairo'),
(119, 8, NULL, '2017-02-03 21:37:15', 'Africa/Cairo'),
(120, 8, NULL, '2017-02-03 21:37:15', 'Africa/Cairo'),
(121, 8, NULL, '2017-02-03 21:37:15', 'Africa/Cairo'),
(122, 8, NULL, '2017-02-03 21:37:15', 'Africa/Cairo'),
(123, 8, NULL, '2017-02-03 21:37:15', 'Africa/Cairo'),
(124, 8, NULL, '2017-02-03 21:37:15', 'Africa/Cairo'),
(125, 8, NULL, '2017-02-03 21:37:15', 'Africa/Cairo'),
(126, 8, NULL, '2017-02-03 21:37:15', 'Africa/Cairo'),
(127, 8, NULL, '2017-02-03 21:37:15', 'Africa/Cairo'),
(128, 8, NULL, '2017-02-03 21:37:15', 'Africa/Cairo'),
(129, 8, NULL, '2017-02-03 21:37:15', 'Africa/Cairo'),
(130, 8, NULL, '2017-02-03 21:37:15', 'Africa/Cairo'),
(131, 8, NULL, '2017-02-03 21:37:15', 'Africa/Cairo'),
(132, 8, NULL, '2017-02-03 21:37:15', 'Africa/Cairo'),
(133, 8, NULL, '2017-02-03 21:37:15', 'Africa/Cairo'),
(134, 8, NULL, '2017-02-03 21:37:15', 'Africa/Cairo'),
(135, 8, NULL, '2017-02-03 21:37:15', 'Africa/Cairo'),
(136, 8, NULL, '2017-02-03 21:37:15', 'Africa/Cairo'),
(137, 8, NULL, '2017-02-03 21:37:15', 'Africa/Cairo'),
(138, 8, NULL, '2017-02-03 21:37:15', 'Africa/Cairo'),
(139, 8, NULL, '2017-02-03 21:37:15', 'Africa/Cairo'),
(140, 8, '2017-02-04 00:10:42', NULL, 'Africa/Cairo'),
(141, 8, '2017-02-04 00:46:23', NULL, 'Africa/Cairo'),
(142, 8, NULL, '2017-02-04 00:59:58', 'Africa/Cairo'),
(143, 8, '2017-02-04 01:11:03', NULL, 'Africa/Cairo'),
(144, 8, NULL, '2017-02-04 01:16:49', 'Africa/Cairo'),
(145, 8, '2017-02-04 01:45:50', NULL, 'Africa/Cairo'),
(146, 8, '2017-02-04 02:42:17', NULL, 'Africa/Cairo'),
(147, 8, '2017-02-04 12:34:03', NULL, 'Africa/Cairo'),
(148, 8, NULL, '2017-02-04 13:03:56', 'Africa/Cairo'),
(149, 8, '2017-02-04 13:26:35', NULL, 'Africa/Cairo'),
(150, 8, '2017-02-04 14:43:44', NULL, 'Africa/Cairo'),
(151, 8, '2017-02-04 15:48:17', NULL, 'Africa/Cairo'),
(152, 0, NULL, '2017-02-19 19:29:55', ''),
(153, 8, '2017-02-19 21:35:52', NULL, 'Africa/Cairo'),
(154, 8, NULL, '2017-02-19 21:37:25', 'Africa/Cairo'),
(155, 0, NULL, '2017-02-19 19:41:58', ''),
(156, 8, '2017-02-19 21:48:19', NULL, 'Africa/Cairo'),
(157, 0, NULL, '2017-03-18 19:10:18', ''),
(158, 15, '2017-03-18 21:11:50', NULL, 'Africa/Cairo'),
(159, 15, '2017-03-19 09:31:46', NULL, 'Africa/Cairo'),
(160, 0, NULL, '2017-03-22 10:01:29', ''),
(161, 8, '2017-03-22 12:10:37', NULL, 'Africa/Cairo'),
(162, 0, NULL, '2017-03-22 10:21:03', ''),
(163, 8, '2017-03-22 12:23:05', NULL, 'Africa/Cairo'),
(164, 0, NULL, '2017-03-27 11:25:39', ''),
(165, 8, '2017-03-27 13:32:30', NULL, 'Africa/Cairo'),
(166, 8, NULL, '2017-03-27 13:34:37', 'Africa/Cairo'),
(167, 8, '2017-04-08 08:37:17', NULL, 'Africa/Cairo'),
(168, 8, '2017-04-16 17:29:15', NULL, 'Africa/Cairo'),
(169, 8, '2017-04-16 19:08:01', NULL, 'Africa/Cairo'),
(170, 8, NULL, '2017-04-16 19:08:19', 'Africa/Cairo'),
(171, 8, '2017-04-16 19:21:37', NULL, 'Africa/Cairo'),
(172, 0, NULL, '2017-04-20 17:26:03', ''),
(173, 15, '2017-04-20 19:28:58', NULL, 'Africa/Cairo'),
(174, 8, '2017-05-07 17:24:34', NULL, 'Africa/Cairo');

-- --------------------------------------------------------

--
-- Table structure for table `k8_top_folder`
--

CREATE TABLE IF NOT EXISTS `k8_top_folder` (
  `id` int(11) NOT NULL AUTO_INCREMENT,
  `name` varchar(100) COLLATE utf8_unicode_ci DEFAULT NULL,
  `variable` varchar(100) COLLATE utf8_unicode_ci DEFAULT NULL,
  `description` text COLLATE utf8_unicode_ci,
  PRIMARY KEY (`id`),
  UNIQUE KEY `variable_UNIQUE` (`variable`)
) ENGINE=InnoDB  DEFAULT CHARSET=utf8 COLLATE=utf8_unicode_ci AUTO_INCREMENT=4 ;

--
-- Dumping data for table `k8_top_folder`
--

INSERT INTO `k8_top_folder` (`id`, `name`, `variable`, `description`) VALUES
(0, 'System Pages', 'system_pages', NULL),
(1, 'Setup', 'setup', NULL),
(2, 'Transactions', 'transactions', NULL),
(3, 'Reports', 'reports', NULL);

-- --------------------------------------------------------

--
-- Table structure for table `k8_top_language`
--

CREATE TABLE IF NOT EXISTS `k8_top_language` (
  `id` int(11) NOT NULL AUTO_INCREMENT,
  `name` varchar(100) COLLATE utf8_unicode_ci NOT NULL,
  `class` varchar(100) COLLATE utf8_unicode_ci NOT NULL,
  `grid_locale_file` varchar(100) COLLATE utf8_unicode_ci NOT NULL,
  PRIMARY KEY (`id`)
) ENGINE=InnoDB  DEFAULT CHARSET=utf8 COLLATE=utf8_unicode_ci AUTO_INCREMENT=3 ;

--
-- Dumping data for table `k8_top_language`
--

INSERT INTO `k8_top_language` (`id`, `name`, `class`, `grid_locale_file`) VALUES
(1, 'English', 'English', 'grid.locale-en.js'),
(2, 'Arabic', 'Arabic', 'grid.locale-ar.js');

-- --------------------------------------------------------

--
-- Table structure for table `k8_top_organization`
--

CREATE TABLE IF NOT EXISTS `k8_top_organization` (
  `id` int(11) NOT NULL AUTO_INCREMENT,
  `name` varchar(100) COLLATE utf8_unicode_ci NOT NULL,
  `name_tr` varchar(100) COLLATE utf8_unicode_ci NOT NULL,
  `main_branch_id` int(11) NOT NULL,
  `cr` varchar(100) COLLATE utf8_unicode_ci DEFAULT NULL,
  `tax_id` varchar(100) COLLATE utf8_unicode_ci DEFAULT NULL,
  `logo` mediumblob NOT NULL,
  `website` varchar(100) COLLATE utf8_unicode_ci DEFAULT NULL,
  `sales_email` varchar(100) COLLATE utf8_unicode_ci DEFAULT NULL,
  `cash_account` double NOT NULL DEFAULT '0',
  `comments` text COLLATE utf8_unicode_ci,
  `created` datetime NOT NULL,
  `created_by` int(11) NOT NULL,
  `modified` datetime DEFAULT NULL,
  `modified_by` int(11) DEFAULT NULL,
  PRIMARY KEY (`id`)
) ENGINE=InnoDB  DEFAULT CHARSET=utf8 COLLATE=utf8_unicode_ci AUTO_INCREMENT=2 ;

--
-- Dumping data for table `k8_top_organization`
--

INSERT INTO `k8_top_organization` (`id`, `name`, `name_tr`, `main_branch_id`, `cr`, `tax_id`, `logo`, `website`, `sales_email`, `cash_account`, `comments`, `created`, `created_by`, `modified`, `modified_by`) VALUES
(1, 'Cash', 'Cash', 1, '77374', '223-442-555', 0x89504e470d0a1a0a0000000d49484452000000460000002f08060000005ed5bc160000001974455874536f6674776172650041646f626520496d616765526561647971c9653c0000040669545874584d4c3a636f6d2e61646f62652e786d7000000000003c3f787061636b657420626567696e3d22efbbbf222069643d2257354d304d7043656869487a7265537a4e54637a6b633964223f3e203c783a786d706d65746120786d6c6e733a783d2261646f62653a6e733a6d6574612f2220783a786d70746b3d2241646f626520584d5020436f726520352e302d633036302036312e3133343737372c20323031302f30322f31322d31373a33323a30302020202020202020223e203c7264663a52444620786d6c6e733a7264663d22687474703a2f2f7777772e77332e6f72672f313939392f30322f32322d7264662d73796e7461782d6e7323223e203c7264663a4465736372697074696f6e207264663a61626f75743d222220786d6c6e733a786d704d4d3d22687474703a2f2f6e732e61646f62652e636f6d2f7861702f312e302f6d6d2f2220786d6c6e733a73745265663d22687474703a2f2f6e732e61646f62652e636f6d2f7861702f312e302f73547970652f5265736f75726365526566232220786d6c6e733a786d703d22687474703a2f2f6e732e61646f62652e636f6d2f7861702f312e302f2220786d6c6e733a64633d22687474703a2f2f7075726c2e6f72672f64632f656c656d656e74732f312e312f2220786d704d4d3a4f726967696e616c446f63756d656e7449443d22786d702e6469643a35354434303042364234453345363131424542324536413446303044423134412220786d704d4d3a446f63756d656e7449443d22786d702e6469643a37414441363734394533433931314536394130463830324242303644413845322220786d704d4d3a496e7374616e636549443d22786d702e6969643a37414441363734384533433931314536394130463830324242303644413845322220786d703a43726561746f72546f6f6c3d2241646f62652050686f746f73686f70204353352057696e646f7773223e203c786d704d4d3a4465726976656446726f6d2073745265663a696e7374616e636549443d22786d702e6969643a3538443430304236423445334536313142454232453641344630304442313441222073745265663a646f63756d656e7449443d22786d702e6469643a3535443430304236423445334536313142454232453641344630304442313441222f3e203c64633a7269676874733e203c7264663a416c743e203c7264663a6c6920786d6c3a6c616e673d22782d64656661756c74223e286329205477696e64657369676e6572207c20447265616d7374696d652e636f6d3c2f7264663a6c693e203c2f7264663a416c743e203c2f64633a7269676874733e203c2f7264663a4465736372697074696f6e3e203c2f7264663a5244463e203c2f783a786d706d6574613e203c3f787061636b657420656e643d2272223f3e512eb23100000acb4944415478daec9a097454d51dc67f93c96492c9649f2c84c42c846c1076590c950a05ac88b2a3b55411adcba9756b6d0b6e8022158f1b140a55112a68048984c312202101914dc2121208846c9340f664324b32339979bdf300e9a99ed39ed32c10f927f7cc9cb977e6befbddfff27df73d852449ad803b37ae294493ba784ea70b109568ca1b1212c9f52fa15028ba7c66b76ed88dffd9f69766937d714fb76cc98d1c426c3ab391a6d646c6c54de8f2b9dd6e54506a4cd5f8a803480a4ee1c4a5ef6e0173cd8e561c2236a00f2322ef60ef853dd81cb65bc03825a708a166f4cd25bcbcfb45127589649dcfbc054c6573056aa507bb8bb789302a20fdcc06cac567dbcf6674d935dc90c9b7c1d240517d018535e77866e41384f8f4e6e0c57d046982a93096302d7936a1da5e3f2d60da9ded98ac468e567e4342501c89c103a937d7e32579b121f373c6258fa5a03a9fe4b0fedc1b3f8ddbfca37e1ac028dddc38547100adca97c4d801589d56b20a77505ea9a7b9dec0d719e90c8f4dc53e5c62f3c934b46a3ffe74e77c5263c6f4dc1ca3bface770e161765ed822bca4966111a368b3da28ab2ac3d3ae61ed53eb1814319803fb0e92919d8ea7878a89f11319143eace37588d04af6eef49c064303e97bd3a96fa9a3c2504a9fb0bebc7f6e216e1a2701ca605a9bad5cbc58c3bc5173f1b26859b16539fe833d9935691663a2c7a2b8aaa49245c825870ec04dd1217bedec36401c0e07fb8fef27e74cb60899784e9756a1d0c2f8a113f9e8f072f4ed7adadaab30d53a7878e41c9ccdf0c1dee58c9a358479e3e6e22b42adc15c874e134242703fa205e7e92050bad763d6eefa88067b2da78f16b2c7b09de94366122dc51317d587eac66adecb7d8b4aab1e8d458597dd1fa3d6c46333e6312a66142d82e304780691123af82a201dae819ddd92632e945f20eb70367e3a1feef9f92f69aa3690673a8431ba06df580d4fce788af4677711600cc668b593382a9ef77fff2ea3a353f1566a191f7b2ff727cd263630be3340e91e8f29bf54cee2750b7975de6be47c978387a023418e505e5eb300bb5f2b552d157cf9d236c6f4b98bcf776d6455ee0a5e7d623e7eeefe44f9c711a20debb2f3982e356f8d0677ad82773296f2e1a3abf868f76a6286888af3f27a1aeb9a296d28e6d1377ec3bae736f2c0c45f51509a4f82b63f91bae89e27094c36a3a83825e496ec61d9e1c51c71e6925596c96b5f2e202ea22f9f6c5a4b9fdb6239537e0a437d0b358d35ec3cb95d24683bc931fd09f40ee9f270ef348fb1b6b7097d5342adb99a569b996395c7d872264da6fb437b8fe49c229f65c796f0f5c1af08b0ea7861f9f36cdbbb954bd66a12536378e8ee87b0d96d9c2f2fc2db4bd3338029accd97297db07728064b0b9f9f5ac7b7e53972dfa0f021cc4c7990f99947b089125c70ba883fff6e0ad9359954d555133656c31bd3ff4ab86f0446b389daa6da6ea1139d024ca026887691d3d56e1a16ec7e943ab3017f4f150af177b2228fe301475933fd33d6a5ada7b0a2906f1ab2a93656e1ad73a7f1b205a3ad057faf00aa2dd534b4d4e3743a717373bbf9734c98369c245d0a8d6db5c40725e2ad72e736bf58b10b1eb8ee49acdeb692ed393b983a652a73173f42a43646d40127ea78099545c9df76bf271f4c05fb076377b4cbbca6c7e498db23eea0e97c06d3fa3d2833d43aa17dcc26330a930287a19dbf7fbc82dccc5c946a25978c95d88634a1d1780a796d25bfa28003e77318973481817d0672f2fc49c275e13da32a7928d5029cd1f40d8ee7ee842954d436d1de22e16816016514e0989de4ed39c5b8c4f1cc9bfc38529b029ba20d954e5c94685b8a36cabff3c8e4b9d437d5f51c8f7159a84f2f5aaccd8c891b8bc322f141da873884f67133814dac75caf4fb796bc152796c5d5a159f9dfd14ad4a89a7d8ae7d259934599a88ea154d68e039596c06f905f50c1e2358357d754984f984336ed058de9cb38430efdeb49541427c3cff78fbe3eba117370287f3ca7b95d28d4a4335074ab3aff4250fa7b9a5a9e778ccb53b882eb1a7ac15b9244acf9a652bd11fab65c8a021e802af7b80beb95c00e9e23f0e1ce2b54d0895bdc53bb8afdf74027d03f1f5f69581eeaabb925d2609924306886ad51b0f7715da24df1ff41f2cdb877014fa850d204430dde286522e34165dbf5077f79ee3313fc66f7ef4b0ca524742700a8b26bc2b58f108dcdd94586c16c19c4bafba5ed713bc6e3fc1bb41adf3d5f5d1d387c939922398ab92893f9b484afc80effbbeab3c44515d31a9d177c8074ed7acadbd95ed67d3395f7f96e4d01426c64f96cbff8e735be825a4824b6bb9acd250c1c1f26ff845dc048234ba0eaf1c76a993eca5775e908842f219ac960286f9481efd910a8bcfc87dad368b34f8834889e791e66e9af6fd77daecadd2ac0d13a480d79152572549218b54d286131f4bed0ebb14bc08e9d75f4cfe7eecfae3ab255e44ca2eded5d197eee8348fd991b38db797bdcb8c595359b5680d9e1e6ab6667d8d97e715a57c4488cc1ae365ee4c4821b7244bbe2ba01349f774751e9b4eefe6bdc96ff26cea7cf48632592b59ec16bc545e72bb666a774f941e74e8596fa7f3982f766c446848163ff7263a7f1d5a8d0f0f4d9e4374ef18b9ffabfc0d4405c432ffae37444818c8bab8f3ca41968716ad1ab6167ec551fd4122fda2e57176871da54289d1da4259d345ca9b4a84f0bc243ebbc9085e695529fec1de448445fca0cf6233b3b328837b12a78afc719f2081bdd89cff99dc971492c2cb635f11a0e471e7ead1cc499b428de9b2f00eb50cda9ee25d8c5a19cfc8957d59b26f3e5a8f9b4d2b09be62b3dbe5c3a6ffb46f2b7204a16b926fc76e1709355c30e383653954b5e8e5a38997c62ce2c093477860e074369cd8ca2bbb9f93c3c595944746a6b27e7606ff14edb1e1cf8810bbc98019903008d3259ba848d9d76ba0e494ef276d3bbb59e40a255bce6ce48f3b9e10ea5a8fa1ad9d2cc174edce2b2b1d1c3e9c4f676e6648ef684e5fce13009885646827c22f92f1719344259a24c68c10e36f3282f7f8ec2759fbe55ae6fc610e79738fa3567b92b1379d257f59cab6a2cdcc4c99c1fbf77de2aa8b02946646ace8cbd68234fc3c0358f1ed32e12d0fcb21545053c6b3a39f1621e32327601740d7cc6c3321528f90108e9b0798e43efdd8be76270b3f5cc89ab4d578a83c99367e1a9a402f7a69e39833f4b76854572a9446e5cdbcdb9fe698e03571ba447a0baef276eeeb4222a87826f569917396ca4f508e881c2de7a06be63afe1c1933547e3ce4a664be668b19954a25c0f1f8af6afc9a486cb5b7cac7996a41ecba83f9de92045d21094af4d5a8840a766d7a6d83417888bbf014777cbd0531f35453545a45809fe0291a4f6aea9b498c8d407fb91e6f2fb548cc12ad6d567cb45e683cd5b2726c3418453552c87d56ab9d98c85079bc8bf0992c6db277858704d2d06cc4577ccf3577554d83fc595870c08d9163ac363b678bf5f8fa7873eaec456222c2c4426d84870691b93f8f4977dd2e3feb72ecd47979c13ede1a02054895d57534b798e5c5b9c06b329818961227c2af8d13852572380507fa8a856b3098cc545e6e90179f921085da4345c5a53af28bcae4b93c3cc446b82b6914bf15aa0be0ff39bae9b0507225c752e13196562b7e3e1a944aa5d8598916a3197f5f6fd1b43278567bbbd87d1b2d260bf131bd292ebf2c7b96bb5890d1d48a9faf06ad9717f6f676798ccb0b2cc293dcdc1482358772aea452ce4521417e3258aef70e87539ed7e5456d369be8f397bde6568ee9a41ce3bcda6ed9bf01f32f0106002b005ede030e8a9e0000000049454e44ae426082, 'www.Cash.com', 'info@Cash.com', 274010.6, '', '2017-01-26 00:00:00', 1, '2017-01-26 00:00:00', 2);

-- --------------------------------------------------------

--
-- Table structure for table `k8_top_page`
--

CREATE TABLE IF NOT EXISTS `k8_top_page` (
  `id` int(11) NOT NULL AUTO_INCREMENT,
  `name` varchar(100) COLLATE utf8_unicode_ci DEFAULT NULL,
  `name_tr` varchar(100) COLLATE utf8_unicode_ci NOT NULL,
  `variable` varchar(100) COLLATE utf8_unicode_ci NOT NULL,
  `url` varchar(100) COLLATE utf8_unicode_ci NOT NULL,
  `top_folder_id` int(11) NOT NULL,
  `comments` text COLLATE utf8_unicode_ci,
  PRIMARY KEY (`id`)
) ENGINE=InnoDB  DEFAULT CHARSET=utf8 COLLATE=utf8_unicode_ci AUTO_INCREMENT=313 ;

--
-- Dumping data for table `k8_top_page`
--

INSERT INTO `k8_top_page` (`id`, `name`, `name_tr`, `variable`, `url`, `top_folder_id`, `comments`) VALUES
(2, 'Edit My info', 'Edit My info', 'edit_my_info', 'modules/other/my-account.php', 0, 'Edit my Info Page for all users'),
(103, 'Configuration', 'Configuration', 'configuration', 'modules/setup/configuration.php', 1, ''),
(106, 'Roles', 'Roles', 'roles', 'modules/setup/roles.php', 1, ''),
(109, 'Users', 'Users', 'users', 'modules/setup/users.php', 1, ''),
(113, 'Products', 'Products', 'products', 'modules/setup/products.php', 1, ''),
(114, 'Set EC limit for Acc', 'IR Set EC limit for Acc', 'set_acc_ec_limit', 'modules/setup/accounting_ec_limit.php', 1, 'admin to set the ec limit for the accountant'),
(115, 'Manage Announcement', 'Manage Announcement', 'manage_announcement', 'modules/setup/manage_announcement.php', 1, 'manage adding new announcements to the users dashboard'),
(217, 'Support', 'Support', 'support', 'modules/transactions/support.php', 2, ''),
(218, 'Transfer ECs to Managers', 'Transfer ECs to Managers', 'transfer_ec_to_managers', 'modules/transactions/accounting_transfer_ec.php', 2, 'Window for Accountant to transfer money to Management IRs. and to print receipt for each.'),
(219, 'Managers Payback to Acc', 'Managers Payback to Acc', 'managers_payback_acc', 'modules/transactions/managers_payback_acc.php', 2, 'window for accountant , so to allow managers IRs to payback the transfered ECs to cover their balances'),
(220, 'Charge IRs eWallet for Services', 'Charge IRs eWallet for Services', 'charge_ir_4_services', 'modules/transactions/charge_ir_4_services.php', 2, 'window for Charging IRs eWallet for Services (predefined)'),
(221, 'Manage Scratch Cards', 'ادارة كروت الشحن', 'creatscrachcards', 'modules/transactions/creatscrachcards.php', 2, 'admin to create and manage scratch/credit cards'),
(301, 'All Transactions Report', 'All Transactions Report', 'all_transactions_report', 'modules/reports/all_transactions_report.php', 3, ''),
(302, 'Profit / Expenses Report', 'Profit / Expenses Report', 'profit_expenses_report', 'modules/reports/profit_expenses_report.php', 3, ''),
(303, 'Best Sellers Report', 'Best Sellers Report', 'best_sellers_report', 'modules/reports/best_sellers_report.php', 3, ''),
(304, 'Supplier Orders Report', 'Supplier Orders Report', 'suppliers_orders', 'modules/reports/suppliers_orders_sheet.php', 3, ''),
(305, 'Shipping Forms', 'Shipping Forms', 'shipping_forms', 'modules/reports/shipping_form.php', 3, ''),
(306, 'IR Contracts', 'IR Contracts', 'ir_contracts_form', 'modules/reports/ir_contracts.php', 3, ''),
(307, 'Balance Sheets of Managers', 'Balance Sheets of Managers', 'balance_sheets_ir_acc', 'modules/reports/bal_sheets_irs_acc.php', 3, 'window for accountant , so to allow him to show and print IRs balance sheets and his balance sheet as well'),
(309, 'Not Qualified IRs & Refferal', 'Not Qualified IRs & Refferal', 'not_qualified_irs', 'modules/reports/not_qulified_irs_ref.php', 3, 'show not qualified IRs and their Refferal contact for verification process'),
(310, 'Service Fees Transactions Report', 'Service Fees Transactions Report', 'service_fees_transactions', 'modules/reports/service_fees_transactions.php', 3, 'Report to show all thransactions regarding Service Fees that was withdrawn from IRS'),
(311, 'Orders Workflow &Status Report', 'Orders Workflow & Status Report', 'orders_status', 'modules/reports/orders_status.php', 3, 'Orders Workflow & Status Report to show the status of each order and change the status'),
(312, 'IR Details Report', 'IR Details Report', 'ir_details', 'modules/reports/ir_details.php', 3, 'IR Details Report to show all details about any IR including bUs and its qualificaitons date');

-- --------------------------------------------------------

--
-- Table structure for table `k8_top_role_access_type`
--

CREATE TABLE IF NOT EXISTS `k8_top_role_access_type` (
  `id` int(11) NOT NULL AUTO_INCREMENT,
  `name` varchar(100) COLLATE utf8_unicode_ci NOT NULL,
  `comments` text COLLATE utf8_unicode_ci,
  PRIMARY KEY (`id`)
) ENGINE=InnoDB  DEFAULT CHARSET=utf8 COLLATE=utf8_unicode_ci AUTO_INCREMENT=39 ;

--
-- Dumping data for table `k8_top_role_access_type`
--

INSERT INTO `k8_top_role_access_type` (`id`, `name`, `comments`) VALUES
(1, 'R -ALL', 'Read -> All Records.'),
(2, 'RA -ALL', 'Read + Add -> All Records.'),
(3, 'RAE -ALL', 'Read + Add + Edit -> All Records.'),
(4, 'RAD -ALL', 'Read + Add + Delete -> All Records.'),
(5, 'RAED -ALL', 'Read + Add + Edit + Delete -> All Records.'),
(6, 'RED -ALL', 'Read + Edit + Delete -> All Records.'),
(7, 'RE -ALL', 'Read + Edit -> All Records.'),
(8, 'RD -ALL', 'Read + Delete -> All Records.'),
(11, 'R -OWN', 'Read -> OWN Records.'),
(12, 'RA -OWN', 'Read + Add -> OWN Records.'),
(13, 'RAE -OWN', 'Read + Add + Edit -> OWN Records.'),
(14, 'RAD -OWN', 'Read + Add + Delete -> OWN Records.'),
(15, 'RAED -OWN', 'Read + Add + Edit + Delete -> OWN Records.'),
(16, 'RED -OWN', 'Read + Edit + Delete -> OWN Records.'),
(17, 'RE -OWN', 'Read + Edit -> OWN Records.'),
(18, 'RD -OWN', 'Read + Delete -> OWN Records.'),
(21, 'RX -ALL', 'Read + Execute -> All Records.'),
(22, 'RAX -ALL', 'Read + Add + Execute -> All Records.'),
(23, 'RAEX -ALL', 'Read + Add + Edit + Execute -> All Records.'),
(24, 'RADX -ALL', 'Read + Add + Delete + Execute -> All Records.'),
(25, 'RAEDX -ALL', 'Read + Add + Edit + Delete + Execute -> All Records.'),
(26, 'REDX -ALL', 'Read + Edit + Delete + Execute -> All Records.'),
(27, 'REX -ALL', 'Read + Edit + Execute -> All Records.'),
(28, 'RDX -ALL', 'Read + Delete + Execute -> All Records.'),
(31, 'RX -OWN', 'Read + Execute -> OWN Records.'),
(32, 'RAX -OWN', 'Read + Add + Execute -> OWN Records.'),
(33, 'RAEX -OWN', 'Read + Add + Edit + Execute -> OWN Records.'),
(34, 'RADX -OWN', 'Read + Add + Delete + Execute -> OWN Records.'),
(35, 'RAEDX -OWN', 'Read + Add + Edit + Delete + Execute -> OWN Records.'),
(36, 'REDX -OWN', 'Read + Edit + Delete + Execute -> OWN Records.'),
(37, 'REX -OWN', 'Read + Edit + Execute -> OWN Records.'),
(38, 'RDX -OWN', 'Read + Delete + Execute -> OWN Records.');

-- --------------------------------------------------------

--
-- Table structure for table `k8_top_theme`
--

CREATE TABLE IF NOT EXISTS `k8_top_theme` (
  `id` int(11) NOT NULL AUTO_INCREMENT,
  `name` varchar(100) COLLATE utf8_unicode_ci NOT NULL,
  `url` varchar(100) COLLATE utf8_unicode_ci NOT NULL,
  `comments` text COLLATE utf8_unicode_ci NOT NULL,
  PRIMARY KEY (`id`)
) ENGINE=InnoDB  DEFAULT CHARSET=utf8 COLLATE=utf8_unicode_ci AUTO_INCREMENT=3 ;

--
-- Dumping data for table `k8_top_theme`
--

INSERT INTO `k8_top_theme` (`id`, `name`, `url`, `comments`) VALUES
(1, 'احمر برتقالي دافئ', 'themes/orangish-red', 'تصميم دافئ مليئ بالطاقة والنشاط , الاحمر البرتفالي يعطي احساس بالقوة والثقة بالذات .'),
(2, 'ازرق سماوي بارد', 'themes/sky-blue', 'لون المحيطات والسماء , تصميم ازرق يعطي الاحساس بالراحة والهدوء وصفاء الزهن .');

-- --------------------------------------------------------

--
-- Table structure for table `k8_user`
--

CREATE TABLE IF NOT EXISTS `k8_user` (
  `id` int(11) NOT NULL AUTO_INCREMENT,
  `name` varchar(100) COLLATE utf8_unicode_ci NOT NULL,
  `name_tr` varchar(100) COLLATE utf8_unicode_ci DEFAULT NULL,
  `email` varchar(100) COLLATE utf8_unicode_ci NOT NULL,
  `password` varchar(255) COLLATE utf8_unicode_ci NOT NULL,
  `role_id` int(11) NOT NULL,
  `cash_account` double NOT NULL DEFAULT '0',
  `top_language_id` int(11) NOT NULL DEFAULT '1',
  `comments` text COLLATE utf8_unicode_ci,
  `top_organization_id` int(11) NOT NULL,
  `created` datetime NOT NULL,
  `created_by` int(11) NOT NULL,
  `modified` datetime DEFAULT NULL,
  `modified_by` int(11) DEFAULT NULL,
  `is_active` tinyint(4) NOT NULL DEFAULT '1',
  PRIMARY KEY (`id`),
  UNIQUE KEY `email` (`email`)
) ENGINE=InnoDB  DEFAULT CHARSET=utf8 COLLATE=utf8_unicode_ci AUTO_INCREMENT=16 ;

--
-- Dumping data for table `k8_user`
--

INSERT INTO `k8_user` (`id`, `name`, `name_tr`, `email`, `password`, `role_id`, `cash_account`, `top_language_id`, `comments`, `top_organization_id`, `created`, `created_by`, `modified`, `modified_by`, `is_active`) VALUES
(1, 'System', 'System', 'khalifacomputergroup84@gmail.com', '$1$.Qv2cBm8$cfSE62UIy5mSdVazVfjzE0', 0, 0, 1, 'System''s Account', 1, '2015-02-01 00:00:00', 1, NULL, NULL, 1),
(2, 'Technical Support', 'Technical Support', 'support@eh-its.com', '$1$.Qv2cBm8$cfSE62UIy5mSdVazVfjzE0', 1, 0, 1, 'East Horizon''s Support Account.', 1, '2015-02-01 00:00:00', 1, NULL, NULL, 1),
(8, 'khalifa', '', 'mk@khalifaonline.com', '$6$brx8/oTF$HVbTse3e.p9gU9XZwslqJiAs.DxQJsYyZG46enXNm9pP3rkpLrQBmuh9QgxKBgn/0E7Sz75jmvZ3KwByUUKS00', 1, 0, 1, NULL, 1, '2016-05-24 00:00:00', 2, '2016-06-25 13:00:19', 8, 1),
(9, 'Accountant Mr.Sayed', '', 'acc@proshopsllc.com', '$6$35exHhWS$sRO.7kCXwMiCF9BmyK9DCaoKHLyXsYhRUzFwYtzEMnRbopPfBk/LUMVNiLp3WKC4IhqounUz0LUinx0AE1R3G/', 7, 0, 1, NULL, 1, '2016-06-19 04:09:14', 7, '2016-06-26 10:28:49', 9, 1),
(10, 'GM Mr.Amr', '', 'gm@proshopsllc.com', '$2a$14$wPoBgoKcgexqOIRUoYUEDed3bsXR7EtkMha04DzVf17i.OGPakt2u', 7, 0, 1, NULL, 1, '2016-06-19 04:15:34', 7, '2016-12-20 15:02:51', 8, 0),
(11, 'HD emp', '', 'hd@proshopsllc.com', '$6$jExxf6Fy$n.4qLbLzQgxLMYfnN0y6ENoUgvjNiDoCXmL5JLEg1zn01eLfNPRvzV2RsTIhYPM2RbD66FdkqWsDGJKUO8ny6/', 9, 0, 1, NULL, 1, '2016-06-19 04:19:42', 7, '2016-06-28 13:52:32', 11, 0),
(12, 'Dr. Haytham Solaiman', '', 'dr.haithampro@gmail.com', '$2a$14$iXNmtjPYIZnzKEICpghXcOeNOJC20kqyDQcEBqCxyIBWnkrILBS8O', 10, 0, 1, NULL, 1, '2016-06-25 15:49:52', 8, '2016-07-03 06:16:05', 12, 0),
(13, 'admin', '', 'admin@khalifaonline.com', '$2a$14$ahvfJRzESTpGsNcJnJRcpOkKSXGHbK/6KSaqHiTaPLAGmYahX8jYa', 1, 0, 2, NULL, 1, '2016-12-20 15:03:35', 8, '2016-12-20 15:04:09', 13, 1),
(14, 'kcgdemo', '', 'sales@khalifacomputergroup.com', '$2a$14$DYnblifsXsTOkqAzpkePTeio71HSfoRc1mLAR2ZNcKipW9CjuHUJO', 1, 0, 1, NULL, 1, '2017-01-09 11:20:14', 8, NULL, NULL, 1),
(15, 'Sayed Ibrahim', '', 'sayed.ibrahim.hassan@gmail.com', '$2a$14$TiSHLmmBzmmVytNCFZFEvOw5RYIog/Z66VnZTbyb9zAtd7J7J2yc6', 1, 0, 1, NULL, 1, '2017-01-26 15:12:31', 8, '2017-01-26 15:25:50', 15, 1);

-- --------------------------------------------------------

--
-- Table structure for table `prefix`
--

CREATE TABLE IF NOT EXISTS `prefix` (
  `id` int(11) NOT NULL AUTO_INCREMENT,
  `prefix` varchar(20) NOT NULL,
  `date` date NOT NULL,
  `notes` text NOT NULL,
  PRIMARY KEY (`id`)
) ENGINE=InnoDB  DEFAULT CHARSET=utf8 AUTO_INCREMENT=2 ;

--
-- Dumping data for table `prefix`
--

INSERT INTO `prefix` (`id`, `prefix`, `date`, `notes`) VALUES
(1, 'BE', '2017-05-20', 'BE3ly Prefix');

-- --------------------------------------------------------

--
-- Table structure for table `product`
--

CREATE TABLE IF NOT EXISTS `product` (
  `id` int(11) unsigned NOT NULL AUTO_INCREMENT,
  `top_category` varchar(55) NOT NULL DEFAULT '',
  `category` varchar(55) NOT NULL DEFAULT '',
  `name` varchar(55) NOT NULL DEFAULT '',
  `img` varchar(255) NOT NULL DEFAULT '',
  `price` int(11) NOT NULL DEFAULT '0',
  `handling` int(11) NOT NULL DEFAULT '0',
  `dcpts` int(11) NOT NULL DEFAULT '0',
  `rpts` int(11) NOT NULL DEFAULT '0',
  `is_vacation` tinyint(4) NOT NULL DEFAULT '0',
  `is_enabled` int(11) NOT NULL DEFAULT '1',
  `in_qualify` int(11) NOT NULL DEFAULT '0',
  `img2` text NOT NULL,
  `p_cost` int(11) NOT NULL,
  `p_profit` int(11) NOT NULL,
  `p_l0_com` int(11) NOT NULL,
  `p_l1_com` int(11) NOT NULL,
  `p_l2_com` int(11) NOT NULL,
  PRIMARY KEY (`id`)
) ENGINE=InnoDB  DEFAULT CHARSET=utf8 AUTO_INCREMENT=5 ;

--
-- Dumping data for table `product`
--

INSERT INTO `product` (`id`, `top_category`, `category`, `name`, `img`, `price`, `handling`, `dcpts`, `rpts`, `is_vacation`, `is_enabled`, `in_qualify`, `img2`, `p_cost`, `p_profit`, `p_l0_com`, `p_l1_com`, `p_l2_com`) VALUES
(1, 'Car Care', 'Liquids', 'Super Oil', 'products/product1_supercaroil.png', 120, 0, 0, 0, 1, 1, 0, 'products/img2/product1_supercaroil.png', 90, 10, 10, 7, 3),
(2, 'Cards', 'Discount Cards', 'Card 1 - 2000LE benifits', 'products/binary-product1-disc-card.png', 500, 0, 0, 0, 1, 1, 1, 'products/img2/binary-product1-disc-card.png', 0, 0, 0, 0, 0),
(3, 'test category', 'test sub', 'test product', 'products/binary-product1-disc-card_1.png', 40, 0, 0, 0, 0, 1, 1, 'products/img2/binary-product1-disc-card_1.png', 10, 10, 10, 5, 5),
(4, 'Car Care', 'Accessories', 'Mobile Holder', 'products/mobileholder300_2.png', 100, 15, 0, 0, 0, 1, 0, 'products/img2/mobileholder300_1.png', 50, 20, 15, 10, 5);

-- --------------------------------------------------------

--
-- Table structure for table `scrachcards`
--

CREATE TABLE IF NOT EXISTS `scrachcards` (
  `id` int(11) NOT NULL AUTO_INCREMENT,
  `datetime` datetime NOT NULL,
  `irid` varchar(200) CHARACTER SET latin1 NOT NULL,
  `cardnumber` text CHARACTER SET latin1 NOT NULL,
  `cardpsw` varchar(10) CHARACTER SET latin1 NOT NULL,
  `cardval` int(11) NOT NULL,
  `notes` text CHARACTER SET latin1 NOT NULL,
  `status` int(11) NOT NULL,
  PRIMARY KEY (`id`)
) ENGINE=InnoDB  DEFAULT CHARSET=utf8 AUTO_INCREMENT=14 ;

--
-- Dumping data for table `scrachcards`
--

INSERT INTO `scrachcards` (`id`, `datetime`, `irid`, `cardnumber`, `cardpsw`, `cardval`, `notes`, `status`) VALUES
(1, '2017-02-04 12:46:31', 'CA000020', 'MO-5895b10732982', '6299', 970, '', 1),
(2, '2017-02-04 10:52:28', 'CA000024', 'CA-5895b26c623cd', '1234', 0, 'New IR Auto Generated Card', 1),
(3, '2017-02-04 12:43:09', 'CA000025', 'CA-5895cc5df27b0', '1234', 0, 'New IR Auto Generated Card', 1),
(4, '2017-02-04 14:47:11', 'CA000026', 'PO-5895cd4fc3498', '5555', 0, 'New IR Existing Card Assignment', 1),
(5, '2017-02-04 14:55:59', 'CA-000010', 'YQ-5895cf5f35222', '5637', 0, '', 1),
(6, '2017-02-04 14:56:03', 'CA-000010', 'ZE-5895cf6366f4a', '8779', 0, '', 1),
(7, '2017-02-04 13:51:22', 'CA000027', 'CA-5895dc5aa9ea2', '9898', 10, 'New IR Auto Generated Card', 1),
(8, '2017-03-22 10:09:35', 'CA000028', 'CA-58d24d5fc1a6c', '1234', 0, 'New IR Auto Generated Card', 1),
(9, '2017-03-27 11:20:27', 'CA000029', 'CA-58d8f57b1260d', '1234', 0, 'New IR Auto Generated Card', 1),
(10, '2017-04-16 16:01:43', 'CA000030', 'CA-58f395679726d', '1234', 0, 'New IR Auto Generated Card', 1),
(11, '2017-04-24 17:22:49', 'CA000031', 'CA-58fe34696abe6', '1234', 0, 'New IR Auto Generated Card', 1),
(12, '2017-04-24 17:55:44', 'CA000032', 'CA-58fe3c20617cd', '1234', 0, 'New IR Auto Generated Card', 1),
(13, '2017-04-24 18:01:11', 'CA000033', 'CA-58fe3d674c8e9', '1234', 0, 'New IR Auto Generated Card', 1);

-- --------------------------------------------------------

--
-- Table structure for table `scrachcards_trans`
--

CREATE TABLE IF NOT EXISTS `scrachcards_trans` (
  `id` int(11) NOT NULL AUTO_INCREMENT,
  `datetime` datetime NOT NULL,
  `ir_id` varchar(150) CHARACTER SET latin1 NOT NULL,
  `value` int(11) NOT NULL,
  `cardbalance` int(11) NOT NULL,
  `type` varchar(50) CHARACTER SET latin1 NOT NULL,
  `comment` text CHARACTER SET latin1 NOT NULL,
  `cardid` int(11) NOT NULL,
  PRIMARY KEY (`id`)
) ENGINE=InnoDB  DEFAULT CHARSET=utf8 AUTO_INCREMENT=5 ;

--
-- Dumping data for table `scrachcards_trans`
--

INSERT INTO `scrachcards_trans` (`id`, `datetime`, `ir_id`, `value`, `cardbalance`, `type`, `comment`, `cardid`) VALUES
(1, '2017-02-04 10:48:10', 'CA000020', 10000, 0, 'Ewallet Recharge by Card', 'IR used the card for recharging his ewallet', 1),
(2, '2017-02-04 10:52:28', 'CA000020', 30, 970, 'Withdraw for IR Registration', 'Card is used with Referral IR: CA000010 to register new IR CA000024', 1),
(3, '2017-03-22 10:20:24', 'CA000028', 1000, 0, 'Ewallet Recharge by Card', 'IR used the card for recharging his ewallet', 8),
(4, '2017-03-27 11:36:22', 'CA000029', 1000, 0, 'Ewallet Recharge by Card', 'IR used the card for recharging his ewallet', 9);

-- --------------------------------------------------------

--
-- Table structure for table `service_fees_trns`
--

CREATE TABLE IF NOT EXISTS `service_fees_trns` (
  `id` int(11) NOT NULL AUTO_INCREMENT,
  `date` datetime NOT NULL,
  `type` varchar(55) NOT NULL,
  `ir_id` varchar(22) CHARACTER SET utf8 NOT NULL,
  `amount` int(11) NOT NULL,
  `comments` varchar(255) NOT NULL,
  PRIMARY KEY (`id`)
) ENGINE=InnoDB DEFAULT CHARSET=latin1 AUTO_INCREMENT=1 ;

-- --------------------------------------------------------

--
-- Table structure for table `shop_order`
--

CREATE TABLE IF NOT EXISTS `shop_order` (
  `id` int(11) unsigned NOT NULL AUTO_INCREMENT,
  `ir_id` varchar(22) NOT NULL DEFAULT '',
  `datetime` datetime DEFAULT NULL,
  `customer_id` int(11) DEFAULT NULL,
  `name` varchar(55) DEFAULT '',
  `email` varchar(55) DEFAULT '',
  `phone` varchar(55) DEFAULT '',
  `mobile` varchar(55) DEFAULT '',
  `address` text,
  `area` varchar(55) DEFAULT '',
  `city` varchar(55) DEFAULT '',
  `country` varchar(55) DEFAULT '',
  `ewallet_amount` int(11) DEFAULT '0',
  `rpts_amount` int(11) DEFAULT '0',
  `shop_title` varchar(11) DEFAULT '',
  `is_paid` tinyint(11) NOT NULL DEFAULT '0',
  `status` varchar(25) NOT NULL DEFAULT 'New',
  `delivery_datetiem` datetime DEFAULT NULL,
  PRIMARY KEY (`id`)
) ENGINE=InnoDB  DEFAULT CHARSET=utf8 AUTO_INCREMENT=32 ;

--
-- Dumping data for table `shop_order`
--

INSERT INTO `shop_order` (`id`, `ir_id`, `datetime`, `customer_id`, `name`, `email`, `phone`, `mobile`, `address`, `area`, `city`, `country`, `ewallet_amount`, `rpts_amount`, `shop_title`, `is_paid`, `status`, `delivery_datetiem`) VALUES
(1, 'CA000013', '2017-01-27 14:43:52', 0, 'asdfasdfasdf lkjlkjlkjlkj', 'amsdfas@dfsd.com', '876876876', '876876876', 'slkdfjslkdfjl', 'sfjsldkfj', 'lkjlkjlkh', 'Antigua & Barbuda', 620, 0, 'Qualify', 0, 'New', NULL),
(3, 'CA000015', '2017-01-29 17:53:51', 0, 'lllllllll lllllllllll', 'lllllll@gg.jj', 'lllllll', 'llllll', 'llllllllll', 'llll', 'lll', 'Belarus', 120, 0, 'My Shop', 0, 'Delivered', '2017-01-30 07:56:23'),
(4, 'CA000015', '2017-01-30 08:12:55', 0, 'lllllllll lllllllllll', 'lllllll@gg.jj', 'lllllll', 'llllll', 'llllllllll', 'llll', 'lll', 'Belarus', 240, 0, 'My Shop', 0, 'Delivered', '2017-01-30 08:13:50'),
(5, 'CA000012', '2017-01-30 12:29:03', 0, 'asdfasdfa sdfasdf', 'mk@ddd.com', '01121212121', '011111444552', 'asdfasdf', 'asdfasd', 'dsfgdf', 'Albania', 230, 0, 'My Shop', 0, 'Delivered', '2017-01-30 12:29:57'),
(6, 'CA000012', '2017-01-30 14:20:27', 0, 'asdfasdfa sdfasdf', 'mk@ddd.com', '01121212121', '011111444552', 'asdfasdf', 'asdfasd', 'dsfgdf', 'Albania', 120, 0, 'My Shop', 0, 'Delivered', '2017-01-30 14:45:04'),
(7, 'CA000012', '2017-01-30 14:22:16', 0, 'asdfasdfa sdfasdf', 'mk@ddd.com', '01121212121', '011111444552', 'asdfasdf', 'asdfasd', 'dsfgdf', 'Albania', 120, 0, 'My Shop', 0, 'Delivered', '2017-01-30 15:04:20'),
(8, 'CA000012', '2017-01-30 14:23:44', 0, 'asdfasdfa sdfasdf', 'mk@ddd.com', '01121212121', '011111444552', 'asdfasdf', 'asdfasd', 'dsfgdf', 'Albania', 115, 0, 'My Shop', 0, 'New', NULL),
(11, 'CA000012', '2017-01-30 14:37:23', 0, 'asdfasdfa sdfasdf', 'mk@ddd.com', '01121212121', '011111444552', 'asdfasdf', 'asdfasd', 'dsfgdf', 'Albania', 235, 0, 'My Shop', 0, 'Delivered', '2017-01-30 15:23:45'),
(12, 'CA000010', '2017-01-31 15:38:10', 0, 'Cash Company (Top)', 'makkcg@live.com', '01114442161', '01114442161', '162 King Faisal St., Haram, Giza', 'El Haram', 'Giza', 'Egypt', 120, 0, 'My Shop', 0, 'New', NULL),
(15, 'CA000010', '2017-02-01 19:49:25', 0, 'Cash Company (Top)', 'makkcg@live.com', '01114442161', '01114442161', '162 King Faisal St., Haram, Giza', 'El Haram', 'Giza', 'Egypt', 120, 0, 'My Shop', 0, 'New', NULL),
(16, 'CA000011', '2017-02-02 16:00:15', 0, 'fgsdfg sdfgsdfg', 'dfgsdfgsdf@sss.sds', 'sdfgsdfgs', 'sdfgsdfg', 'sfdgs', 'asdf', 'asdf', 'Egypt', 620, 0, 'Qualify', 0, 'Returned', NULL),
(18, 'CA000020', '2017-02-04 10:48:53', 0, 'Notice: Undefined index: f_name in /var/www/cash-mlm/vo', 'asdf@sdfs.sdsf', 'Notice: Undefined index: phone in /var/www/cash-mlm/vo/', 'Notice: Undefined index: mobile in /var/www/cash-mlm/vo', 'Notice: Undefined index: address in /var/www/cash-mlm/vo/user/register_second_step.php on line 771\r\n', 'Notice: Undefined index: area in /var/www/cash-mlm/vo/u', 'Notice: Undefined index: city in /var/www/cash-mlm/vo/u', 'Egypt', 2500, 0, 'Qualify', 0, 'New', NULL),
(19, 'CA000020', '2017-02-04 10:56:08', 0, 'Notice: Undefined index: f_name in /var/www/cash-mlm/vo', 'asdf@sdfs.sdsf', 'Notice: Undefined index: phone in /var/www/cash-mlm/vo/', 'Notice: Undefined index: mobile in /var/www/cash-mlm/vo', 'Notice: Undefined index: address in /var/www/cash-mlm/vo/user/register_second_step.php on line 771\r\n', 'Notice: Undefined index: area in /var/www/cash-mlm/vo/u', 'Notice: Undefined index: city in /var/www/cash-mlm/vo/u', 'Egypt', 240, 0, 'My Shop', 0, 'Delivered', '2017-02-04 11:28:18'),
(20, 'CA000010', '2017-02-04 11:03:20', 0, 'Cash Company (Top)', 'makkcg@live.com', '01114442161', '01114442161', '162 King Faisal St., Haram, Giza', 'El Haram', 'Giza', 'Egypt', 230, 0, 'My Shop', 0, 'Delivered', '2017-02-04 11:26:50'),
(21, 'CA000010', NULL, NULL, '', '', '', '', NULL, '', '', '', 0, 0, '', 0, 'New', NULL),
(22, 'CA000010', NULL, NULL, '', '', '', '', NULL, '', '', '', 0, 0, '', 0, 'New', NULL),
(23, 'CA000028', NULL, NULL, '', '', '', '', NULL, '', '', '', 0, 0, '', 0, 'New', NULL),
(24, 'CA000010', '2017-03-22 10:38:52', 0, 'Cash Company (Top)', 'makkcg@live.com', '01114442161', '01114442161', '162 King Faisal St., Haram, Giza', 'El Haram', 'Giza', 'Egypt', 115, 0, 'My Shop', 0, 'New', NULL),
(25, 'CA000010', NULL, NULL, '', '', '', '', NULL, '', '', '', 0, 0, '', 0, 'New', NULL),
(26, 'CA000010', NULL, NULL, '', '', '', '', NULL, '', '', '', 0, 0, '', 0, 'New', NULL),
(27, 'CA000030', '2017-04-16 17:05:12', 0, 'sdfasdf asdfasdf', 'asdas@dfgd.xfg', '34234234', '34234234234', 'w34233 sfg dfg df', 'dokki', 'cairo', 'Egypt', 230, 0, 'My Shop', 0, 'Returned', NULL),
(28, 'CA000031', NULL, NULL, '', '', '', '', NULL, '', '', '', 0, 0, '', 0, 'New', NULL),
(29, 'CA000031', '2017-04-24 17:42:42', 0, 'HGKJDGJF KFGLJFI', 'M@M.CO', '1111111111111', '111111111111', 'JHSLKHLKHGSKJHLSDJHJSHSDLJJHL', 'WEQQQQQQQ', 'WEEEEEEEEE', 'Egypt', 2080, 0, 'Qualify', 0, 'New', NULL),
(30, 'CA000032', '2017-04-24 17:57:54', 0, 'JHHHJHJHJHJHJ JJHHJHHH', 'M@M.COm', '5555555555555', '55555555555', 'JKDSKKJLLLLLLLLLLLLLLLLJJJJJJJJJJJJJ', 'dddddddddddddddddd', 'reeeeeeeeeeeeeeeeee', 'Egypt', 2040, 0, 'Qualify', 0, 'New', NULL),
(31, 'CA000033', '2017-04-24 18:03:14', 0, 'jkkkkkkkkkkkkk jkkkkkkkkkkkk', 'm@m.net', '5555555555555555', '5555555555555555555', 'lkfsd;kkkkkkkkkkkl;;;;;;lllllllllllllllllll', 'hjjhjhjhj', 'hjhhhjhj', 'Egypt', 2040, 0, 'Qualify', 0, 'New', NULL);

-- --------------------------------------------------------

--
-- Table structure for table `shop_order_line`
--

CREATE TABLE IF NOT EXISTS `shop_order_line` (
  `id` int(11) unsigned NOT NULL AUTO_INCREMENT,
  `shop_order_id` int(11) NOT NULL,
  `product_name` varchar(55) NOT NULL DEFAULT '',
  `price` int(11) NOT NULL,
  `rpts` int(11) NOT NULL,
  `dcpts` int(11) NOT NULL,
  `is_vacation` tinyint(4) NOT NULL DEFAULT '0',
  `product_id` int(11) NOT NULL,
  `p_cost` int(11) NOT NULL,
  `p_profit` int(11) NOT NULL,
  `p_l0_com` int(11) NOT NULL,
  `p_l1_com` int(11) NOT NULL,
  `p_l2_com` int(11) NOT NULL,
  `coms_paid` tinyint(4) NOT NULL DEFAULT '0',
  PRIMARY KEY (`id`)
) ENGINE=InnoDB  DEFAULT CHARSET=utf8 AUTO_INCREMENT=44 ;

--
-- Dumping data for table `shop_order_line`
--

INSERT INTO `shop_order_line` (`id`, `shop_order_id`, `product_name`, `price`, `rpts`, `dcpts`, `is_vacation`, `product_id`, `p_cost`, `p_profit`, `p_l0_com`, `p_l1_com`, `p_l2_com`, `coms_paid`) VALUES
(1, 1, 'Card 1 - 2000LE benifits + Shipping & Handling', 500, 0, 0, 1, 2, 0, 0, 0, 0, 0, 0),
(3, 3, 'Super Oil + Shipping & Handling', 120, 0, 0, 1, 1, 90, 10, 10, 7, 3, 1),
(4, 4, 'Super Oil + Shipping & Handling', 120, 0, 0, 1, 1, 90, 10, 10, 7, 3, 1),
(5, 4, 'Super Oil + Shipping & Handling', 120, 0, 0, 1, 1, 90, 10, 10, 7, 3, 1),
(6, 5, 'Mobile Holder + Shipping & Handling', 115, 0, 0, 0, 4, 50, 20, 15, 10, 5, 1),
(7, 5, 'Mobile Holder + Shipping & Handling', 115, 0, 0, 0, 4, 50, 20, 15, 10, 5, 1),
(8, 6, 'Super Oil + Shipping & Handling', 120, 0, 0, 1, 1, 90, 10, 10, 7, 3, 1),
(9, 7, 'Super Oil + Shipping & Handling', 120, 0, 0, 1, 1, 90, 10, 10, 7, 3, 1),
(10, 8, 'Mobile Holder + Shipping & Handling', 115, 0, 0, 0, 4, 50, 20, 15, 10, 5, 0),
(13, 11, 'Mobile Holder + Shipping & Handling', 115, 0, 0, 0, 4, 50, 20, 15, 10, 5, 1),
(14, 11, 'Super Oil + Shipping & Handling', 120, 0, 0, 1, 1, 90, 10, 10, 7, 3, 1),
(15, 12, 'Super Oil + Shipping & Handling', 120, 0, 0, 1, 1, 90, 10, 10, 7, 3, 0),
(18, 15, 'Super Oil + Shipping & Handling', 120, 0, 0, 1, 1, 90, 10, 10, 7, 3, 0),
(19, 16, 'Card 1 - 2000LE benifits + Shipping & Handling', 500, 0, 0, 1, 2, 0, 0, 0, 0, 0, 0),
(22, 18, 'Card 1 - 2000LE benifits + Shipping & Handling', 500, 0, 0, 1, 2, 0, 0, 0, 0, 0, 0),
(23, 19, 'Super Oil + Shipping & Handling', 120, 0, 0, 1, 1, 90, 10, 10, 7, 3, 1),
(24, 19, 'Super Oil + Shipping & Handling', 120, 0, 0, 1, 1, 90, 10, 10, 7, 3, 1),
(25, 20, 'Mobile Holder + Shipping & Handling', 115, 0, 0, 0, 4, 50, 20, 15, 10, 5, 1),
(26, 20, 'Mobile Holder + Shipping & Handling', 115, 0, 0, 0, 4, 50, 20, 15, 10, 5, 1),
(27, 21, 'Mobile Holder + Shipping & Handling', 115, 0, 0, 0, 4, 50, 20, 15, 10, 5, 0),
(28, 22, 'Mobile Holder + Shipping & Handling', 115, 0, 0, 0, 4, 50, 20, 15, 10, 5, 0),
(29, 23, 'Mobile Holder + Shipping & Handling', 115, 0, 0, 0, 4, 50, 20, 15, 10, 5, 0),
(30, 24, 'Mobile Holder + Shipping & Handling', 115, 0, 0, 0, 4, 50, 20, 15, 10, 5, 0),
(31, 25, 'Mobile Holder + Shipping & Handling', 115, 0, 0, 0, 4, 50, 20, 15, 10, 5, 0),
(32, 25, 'Mobile Holder + Shipping & Handling', 115, 0, 0, 0, 4, 50, 20, 15, 10, 5, 0),
(33, 25, 'Mobile Holder + Shipping & Handling', 115, 0, 0, 0, 4, 50, 20, 15, 10, 5, 0),
(34, 26, 'Mobile Holder + Shipping & Handling', 115, 0, 0, 0, 4, 50, 20, 15, 10, 5, 0),
(35, 27, 'Mobile Holder + Shipping & Handling', 115, 0, 0, 0, 4, 50, 20, 15, 10, 5, 0),
(36, 27, 'Mobile Holder + Shipping & Handling', 115, 0, 0, 0, 4, 50, 20, 15, 10, 5, 0),
(37, 28, 'test product + Shipping & Handling', 40, 0, 0, 0, 3, 10, 10, 10, 5, 5, 0),
(38, 28, 'test product + Shipping & Handling', 40, 0, 0, 0, 3, 10, 10, 10, 5, 5, 0),
(39, 28, 'Card 1 - 2000LE benifits + Shipping & Handling', 500, 0, 0, 1, 2, 0, 0, 0, 0, 0, 0),
(40, 29, 'test product + Shipping & Handling', 40, 0, 0, 0, 3, 10, 10, 10, 5, 5, 0),
(41, 29, 'test product + Shipping & Handling', 40, 0, 0, 0, 3, 10, 10, 10, 5, 5, 0),
(42, 30, 'test product + Shipping & Handling', 40, 0, 0, 0, 3, 10, 10, 10, 5, 5, 0),
(43, 31, 'test product + Shipping & Handling', 40, 0, 0, 0, 3, 10, 10, 10, 5, 5, 0);

-- --------------------------------------------------------

--
-- Table structure for table `support`
--

CREATE TABLE IF NOT EXISTS `support` (
  `id` int(11) unsigned NOT NULL AUTO_INCREMENT,
  `datetime` datetime DEFAULT NULL,
  `ir_id` varchar(22) NOT NULL DEFAULT '',
  `severity` varchar(55) NOT NULL DEFAULT '',
  `type` varchar(55) NOT NULL DEFAULT '',
  `message` text NOT NULL,
  `attachment` varchar(55) NOT NULL DEFAULT '',
  `status` varchar(55) NOT NULL DEFAULT '',
  `response` text,
  PRIMARY KEY (`id`)
) ENGINE=InnoDB  DEFAULT CHARSET=utf8 AUTO_INCREMENT=2 ;

--
-- Dumping data for table `support`
--

INSERT INTO `support` (`id`, `datetime`, `ir_id`, `severity`, `type`, `message`, `attachment`, `status`, `response`) VALUES
(1, '2016-09-04 18:15:01', 'MH005948', 'Urgent', 'Delivery Delay', 'test', '', 'New', NULL);

-- --------------------------------------------------------

--
-- Table structure for table `transaction`
--

CREATE TABLE IF NOT EXISTS `transaction` (
  `id` int(11) unsigned NOT NULL AUTO_INCREMENT,
  `date` datetime NOT NULL,
  `type` varchar(150) NOT NULL DEFAULT '',
  `ir_id` varchar(22) NOT NULL DEFAULT '',
  `amount` int(11) NOT NULL,
  `balance` int(11) NOT NULL,
  `comments` varchar(255) DEFAULT NULL,
  PRIMARY KEY (`id`)
) ENGINE=InnoDB  DEFAULT CHARSET=utf8 AUTO_INCREMENT=386 ;

--
-- Dumping data for table `transaction`
--

INSERT INTO `transaction` (`id`, `date`, `type`, `ir_id`, `amount`, `balance`, `comments`) VALUES
(25, '2017-01-26 12:00:49', 'Registration Fees', 'CA000010', -30, 501, 'CA000011'),
(26, '2017-01-26 12:00:52', 'New IR Registration Commission', 'CA000010', 4, 509, 'CA000011'),
(27, '2017-01-27 14:39:02', 'Registration Fees', 'CA000010', -30, 475, 'CA000012'),
(28, '2017-01-27 14:39:05', 'New IR Registration Commission', 'CA000010', 4, 483, 'CA000012'),
(29, '2017-01-27 14:41:06', 'Qualify Retail Shop', 'CA000012', -30, 4970, 'ProShops'),
(30, '2017-01-27 14:41:06', 'New IR Qualified Retail Shop Commission', 'CA000010', 5, 50010, 'CA000012'),
(31, '2017-01-27 14:42:30', 'Registration Fees', 'CA000010', -30, 49975, 'CA000013'),
(32, '2017-01-27 14:42:33', 'New IR Registration Commission', 'CA000012', 4, 4978, 'CA000013'),
(33, '2017-01-27 14:43:52', 'Qualify Binary Shop', 'CA000013', -620, 380, 'ProShops'),
(34, '2017-01-27 14:43:53', 'Direct Retail Commission Points', 'CA000012', 0, 0, 'ProShops'),
(35, '2017-01-29 16:45:17', 'Registration Fees', 'CA000010', -30, 49945, 'CA000014'),
(36, '2017-01-29 16:45:21', 'New IR Registration Commission', 'CA000012', 4, 4982, 'CA000014'),
(37, '2017-01-29 16:47:44', 'Registration Fees', 'CA000010', -30, 49915, 'CA000015'),
(38, '2017-01-29 16:47:48', 'New IR Registration Commission', 'CA000014', 4, 8, 'CA000015'),
(39, '2017-01-29 17:31:22', 'Qualify Retail Shop', 'CA000015', -30, 970, 'ProShops'),
(40, '2017-01-29 17:31:22', 'New IR Qualified Retail Shop Commission', 'CA000014', 5, 5010, 'CA000015'),
(41, '2017-01-29 17:53:51', 'Direct Retail Commission', 'CA000015', 0, 0, 'ProShops'),
(42, '2017-01-29 17:53:51', 'Purchase', 'CA000015', -120, 850, 'ProShops'),
(43, '2017-01-30 08:12:55', 'Direct Retail Commission', 'CA000015', 0, 0, 'ProShops'),
(44, '2017-01-30 08:12:55', 'Purchase', 'CA000015', -240, 610, 'ProShops'),
(45, '2017-01-30 12:29:03', 'Direct Retail Commission', 'CA000012', 0, 0, 'ProShops'),
(46, '2017-01-30 12:29:03', 'Purchase', 'CA000012', -230, 49770, 'ProShops'),
(47, '2017-01-30 14:20:27', 'Direct Retail Commission', 'CA000012', 0, 0, ''),
(48, '2017-01-30 14:20:27', 'Purchase', 'CA000012', -120, 49689, ''),
(49, '2017-01-30 14:22:16', 'Direct Retail Commission', 'CA000012', 0, 0, 'Cash (Cash)'),
(50, '2017-01-30 14:22:16', 'Purchase', 'CA000012', -120, 49569, 'Cash (Cash)'),
(51, '2017-01-30 14:23:44', 'Direct Retail Commission', 'CA000012', 0, 0, 'Cash (Cash)'),
(52, '2017-01-30 14:23:44', 'Purchase', 'CA000012', -115, 49454, 'Cash (Cash)'),
(53, '2017-01-30 14:37:23', 'Purchase', 'CA000012', -235, 49219, 'Cash (Cash)'),
(54, '2017-01-30 00:00:00', 'Retail Product Discount', 'CA000012', 7, 0, 'Retail Commission- cash'),
(55, '2017-01-30 15:12:23', 'Retail Product Discount', 'CA000015', 10, 10, 'Retail Commission- '),
(56, '2017-01-30 15:12:23', 'Retail Product Discount', 'CA000015', 10, 10, 'Retail Commission- '),
(57, '2017-01-30 15:12:23', 'Retail Product Discount', 'CA000015', 10, 10, 'Retail Commission- '),
(58, '2017-01-30 15:12:23', 'Retail Product Discount', 'CA000012', 15, 15, 'Retail Commission- '),
(59, '2017-01-30 15:12:23', 'Retail Product Discount', 'CA000012', 15, 15, 'Retail Commission- '),
(60, '2017-01-30 15:12:23', 'Retail Product Discount', 'CA000012', 10, 10, 'Retail Commission- '),
(61, '2017-01-30 15:12:23', 'Retail Product Discount', 'CA000012', 10, 10, 'Retail Commission- '),
(62, '2017-01-30 15:13:22', 'Retail Product Discount', 'CA000015', 10, 10, 'Retail Commission- Cash (Cash)'),
(63, '2017-01-30 15:13:22', 'Retail Product Discount', 'CA000015', 10, 10, 'Retail Commission- Cash (Cash)'),
(64, '2017-01-30 15:13:22', 'Retail Product Discount', 'CA000015', 10, 10, 'Retail Commission- Cash (Cash)'),
(65, '2017-01-30 15:13:22', 'Retail Product Discount', 'CA000012', 15, 15, 'Retail Commission- Cash (Cash)'),
(66, '2017-01-30 15:13:22', 'Retail Product Discount', 'CA000012', 15, 15, 'Retail Commission- Cash (Cash)'),
(67, '2017-01-30 15:13:22', 'Retail Product Discount', 'CA000012', 10, 10, 'Retail Commission- Cash (Cash)'),
(68, '2017-01-30 15:13:22', 'Retail Product Discount', 'CA000012', 10, 10, 'Retail Commission- Cash (Cash)'),
(69, '2017-01-30 15:20:26', 'Retail Product Discount', 'CA000015', 10, 10, 'Retail Commission- Cash (Cash)'),
(70, '2017-01-30 15:20:26', 'Retail Prodcut Commission from IR: CA000015', 'CA000012', 3, 3, 'Retail Commission- Cash (Cash)'),
(71, '2017-01-30 15:20:26', 'Retail Product Discount', 'CA000015', 10, 10, 'Retail Commission- Cash (Cash)'),
(72, '2017-01-30 15:20:26', 'Retail Prodcut Commission from IR: CA000015', 'CA000012', 3, 3, 'Retail Commission- Cash (Cash)'),
(73, '2017-01-30 15:20:26', 'Retail Product Discount', 'CA000015', 10, 10, 'Retail Commission- Cash (Cash)'),
(74, '2017-01-30 15:20:26', 'Retail Prodcut Commission from IR: CA000015', 'CA000012', 3, 3, 'Retail Commission- Cash (Cash)'),
(75, '2017-01-30 15:20:26', 'Retail Product Discount', 'CA000012', 15, 15, 'Retail Commission- Cash (Cash)'),
(76, '2017-01-30 15:20:26', 'Retail Prodcut Commission from IR: CA000012', 'CA000010', 10, 10, 'Retail Commission- Cash (Cash)'),
(77, '2017-01-30 15:20:26', 'Retail Product Discount', 'CA000012', 15, 15, 'Retail Commission- Cash (Cash)'),
(78, '2017-01-30 15:20:26', 'Retail Prodcut Commission from IR: CA000012', 'CA000010', 10, 10, 'Retail Commission- Cash (Cash)'),
(79, '2017-01-30 15:20:26', 'Retail Product Discount', 'CA000012', 10, 10, 'Retail Commission- Cash (Cash)'),
(80, '2017-01-30 15:20:26', 'Retail Prodcut Commission from IR: CA000012', 'CA000010', 7, 7, 'Retail Commission- Cash (Cash)'),
(81, '2017-01-30 15:20:26', 'Retail Product Discount', 'CA000012', 10, 10, 'Retail Commission- Cash (Cash)'),
(82, '2017-01-30 15:20:26', 'Retail Prodcut Commission from IR: CA000012', 'CA000010', 7, 7, 'Retail Commission- Cash (Cash)'),
(83, '2017-01-30 15:23:54', 'Retail Product Discount', 'CA000012', 15, 15, 'Retail Commission- Cash (Cash)'),
(84, '2017-01-30 15:23:54', 'Retail Prodcut Commission from IR: CA000012', 'CA000010', 10, 10, 'Retail Commission- Cash (Cash)'),
(85, '2017-01-30 15:23:54', 'Retail Product Discount', 'CA000012', 10, 10, 'Retail Commission- Cash (Cash)'),
(86, '2017-01-30 15:23:54', 'Retail Prodcut Commission from IR: CA000012', 'CA000010', 7, 7, 'Retail Commission- Cash (Cash)'),
(87, '2017-01-30 15:27:03', 'Retail Product Discount', 'CA000015', 10, 10, 'Retail Commission- Cash (Cash)'),
(88, '2017-01-30 15:27:03', 'Retail Prodcut Commission from IR: CA000015', 'CA000012', 3, 3, 'Retail Commission- Cash (Cash)'),
(89, '2017-01-30 15:27:03', 'Retail Product Discount', 'CA000015', 10, 10, 'Retail Commission- Cash (Cash)'),
(90, '2017-01-30 15:27:03', 'Retail Prodcut Commission from IR: CA000015', 'CA000012', 3, 3, 'Retail Commission- Cash (Cash)'),
(91, '2017-01-30 15:27:03', 'Retail Product Discount', 'CA000015', 10, 10, 'Retail Commission- Cash (Cash)'),
(92, '2017-01-30 15:27:03', 'Retail Prodcut Commission from IR: CA000015', 'CA000012', 3, 3, 'Retail Commission- Cash (Cash)'),
(93, '2017-01-30 15:27:03', 'Retail Product Discount', 'CA000012', 15, 15, 'Retail Commission- Cash (Cash)'),
(94, '2017-01-30 15:27:03', 'Retail Prodcut Commission from IR: CA000012', 'CA000010', 10, 10, 'Retail Commission- Cash (Cash)'),
(95, '2017-01-30 15:27:03', 'Retail Product Discount', 'CA000012', 15, 15, 'Retail Commission- Cash (Cash)'),
(96, '2017-01-30 15:27:03', 'Retail Prodcut Commission from IR: CA000012', 'CA000010', 10, 10, 'Retail Commission- Cash (Cash)'),
(97, '2017-01-30 15:27:03', 'Retail Product Discount', 'CA000012', 10, 10, 'Retail Commission- Cash (Cash)'),
(98, '2017-01-30 15:27:03', 'Retail Prodcut Commission from IR: CA000012', 'CA000010', 7, 7, 'Retail Commission- Cash (Cash)'),
(99, '2017-01-30 15:27:03', 'Retail Product Discount', 'CA000012', 10, 10, 'Retail Commission- Cash (Cash)'),
(100, '2017-01-30 15:27:03', 'Retail Prodcut Commission from IR: CA000012', 'CA000010', 7, 7, 'Retail Commission- Cash (Cash)'),
(101, '2017-01-30 15:27:03', 'Retail Product Discount', 'CA000012', 15, 15, 'Retail Commission- Cash (Cash)'),
(102, '2017-01-30 15:27:03', 'Retail Prodcut Commission from IR: CA000012', 'CA000010', 10, 10, 'Retail Commission- Cash (Cash)'),
(103, '2017-01-30 15:27:03', 'Retail Product Discount', 'CA000012', 10, 10, 'Retail Commission- Cash (Cash)'),
(104, '2017-01-30 15:27:03', 'Retail Prodcut Commission from IR: CA000012', 'CA000010', 7, 7, 'Retail Commission- Cash (Cash)'),
(105, '2017-01-30 15:28:22', 'Retail Product Discount', 'CA000015', 10, 10, 'Retail Commission- Cash (Cash)'),
(106, '2017-01-30 15:28:22', 'Retail Prodcut Commission from IR: CA000015', 'CA000012', 3, 3, 'Retail Commission- Cash (Cash)'),
(107, '2017-01-30 15:28:22', 'Retail Product Discount', 'CA000015', 10, 10, 'Retail Commission- Cash (Cash)'),
(108, '2017-01-30 15:28:22', 'Retail Prodcut Commission from IR: CA000015', 'CA000012', 3, 3, 'Retail Commission- Cash (Cash)'),
(109, '2017-01-30 15:28:22', 'Retail Product Discount', 'CA000015', 10, 10, 'Retail Commission- Cash (Cash)'),
(110, '2017-01-30 15:28:22', 'Retail Prodcut Commission from IR: CA000015', 'CA000012', 3, 3, 'Retail Commission- Cash (Cash)'),
(111, '2017-01-30 15:28:22', 'Retail Product Discount', 'CA000012', 15, 15, 'Retail Commission- Cash (Cash)'),
(112, '2017-01-30 15:28:22', 'Retail Prodcut Commission from IR: CA000012', 'CA000010', 10, 10, 'Retail Commission- Cash (Cash)'),
(113, '2017-01-30 15:28:22', 'Retail Product Discount', 'CA000012', 15, 15, 'Retail Commission- Cash (Cash)'),
(114, '2017-01-30 15:28:22', 'Retail Prodcut Commission from IR: CA000012', 'CA000010', 10, 10, 'Retail Commission- Cash (Cash)'),
(115, '2017-01-30 15:28:22', 'Retail Product Discount', 'CA000012', 10, 10, 'Retail Commission- Cash (Cash)'),
(116, '2017-01-30 15:28:22', 'Retail Prodcut Commission from IR: CA000012', 'CA000010', 7, 7, 'Retail Commission- Cash (Cash)'),
(117, '2017-01-30 15:28:22', 'Retail Product Discount', 'CA000012', 10, 10, 'Retail Commission- Cash (Cash)'),
(118, '2017-01-30 15:28:22', 'Retail Prodcut Commission from IR: CA000012', 'CA000010', 7, 7, 'Retail Commission- Cash (Cash)'),
(119, '2017-01-30 15:28:22', 'Retail Product Discount', 'CA000012', 15, 15, 'Retail Commission- Cash (Cash)'),
(120, '2017-01-30 15:28:22', 'Retail Prodcut Commission from IR: CA000012', 'CA000010', 10, 10, 'Retail Commission- Cash (Cash)'),
(121, '2017-01-30 15:28:22', 'Retail Product Discount', 'CA000012', 10, 10, 'Retail Commission- Cash (Cash)'),
(122, '2017-01-30 15:28:22', 'Retail Prodcut Commission from IR: CA000012', 'CA000010', 7, 7, 'Retail Commission- Cash (Cash)'),
(123, '2017-01-30 15:28:38', 'Retail Product Discount', 'CA000015', 10, 10, 'Retail Commission- Cash (Cash)'),
(124, '2017-01-30 15:28:38', 'Retail Prodcut Commission from IR: CA000015', 'CA000012', 3, 3, 'Retail Commission- Cash (Cash)'),
(125, '2017-01-30 15:28:38', 'Retail Product Discount', 'CA000015', 10, 10, 'Retail Commission- Cash (Cash)'),
(126, '2017-01-30 15:28:38', 'Retail Prodcut Commission from IR: CA000015', 'CA000012', 3, 3, 'Retail Commission- Cash (Cash)'),
(127, '2017-01-30 15:28:38', 'Retail Product Discount', 'CA000015', 10, 10, 'Retail Commission- Cash (Cash)'),
(128, '2017-01-30 15:28:38', 'Retail Prodcut Commission from IR: CA000015', 'CA000012', 3, 3, 'Retail Commission- Cash (Cash)'),
(129, '2017-01-30 15:28:38', 'Retail Product Discount', 'CA000012', 15, 15, 'Retail Commission- Cash (Cash)'),
(130, '2017-01-30 15:28:38', 'Retail Prodcut Commission from IR: CA000012', 'CA000010', 10, 10, 'Retail Commission- Cash (Cash)'),
(131, '2017-01-30 15:28:38', 'Retail Product Discount', 'CA000012', 15, 15, 'Retail Commission- Cash (Cash)'),
(132, '2017-01-30 15:28:38', 'Retail Prodcut Commission from IR: CA000012', 'CA000010', 10, 10, 'Retail Commission- Cash (Cash)'),
(133, '2017-01-30 15:28:38', 'Retail Product Discount', 'CA000012', 10, 10, 'Retail Commission- Cash (Cash)'),
(134, '2017-01-30 15:28:38', 'Retail Prodcut Commission from IR: CA000012', 'CA000010', 7, 7, 'Retail Commission- Cash (Cash)'),
(135, '2017-01-30 15:28:38', 'Retail Product Discount', 'CA000012', 10, 10, 'Retail Commission- Cash (Cash)'),
(136, '2017-01-30 15:28:38', 'Retail Prodcut Commission from IR: CA000012', 'CA000010', 7, 7, 'Retail Commission- Cash (Cash)'),
(137, '2017-01-30 15:28:38', 'Retail Product Discount', 'CA000012', 15, 15, 'Retail Commission- Cash (Cash)'),
(138, '2017-01-30 15:28:38', 'Retail Prodcut Commission from IR: CA000012', 'CA000010', 10, 10, 'Retail Commission- Cash (Cash)'),
(139, '2017-01-30 15:28:38', 'Retail Product Discount', 'CA000012', 10, 10, 'Retail Commission- Cash (Cash)'),
(140, '2017-01-30 15:28:39', 'Retail Prodcut Commission from IR: CA000012', 'CA000010', 7, 7, 'Retail Commission- Cash (Cash)'),
(141, '2017-01-30 15:30:14', 'Retail Product Discount', 'CA000015', 10, 0, 'Retail Commission- Cash (Cash)'),
(142, '2017-01-30 15:30:14', 'Retail Prodcut Commission from IR: CA000015', 'CA000012', 3, 3, 'Retail Commission- Cash (Cash)'),
(143, '2017-01-30 15:30:14', 'Retail Product Discount', 'CA000015', 10, 0, 'Retail Commission- Cash (Cash)'),
(144, '2017-01-30 15:30:14', 'Retail Prodcut Commission from IR: CA000015', 'CA000012', 3, 3, 'Retail Commission- Cash (Cash)'),
(145, '2017-01-30 15:30:14', 'Retail Product Discount', 'CA000015', 10, 0, 'Retail Commission- Cash (Cash)'),
(146, '2017-01-30 15:30:14', 'Retail Prodcut Commission from IR: CA000015', 'CA000012', 3, 3, 'Retail Commission- Cash (Cash)'),
(147, '2017-01-30 15:30:14', 'Retail Product Discount', 'CA000012', 15, 0, 'Retail Commission- Cash (Cash)'),
(148, '2017-01-30 15:30:14', 'Retail Prodcut Commission from IR: CA000012', 'CA000010', 10, 10, 'Retail Commission- Cash (Cash)'),
(149, '2017-01-30 15:30:14', 'Retail Product Discount', 'CA000012', 15, 0, 'Retail Commission- Cash (Cash)'),
(150, '2017-01-30 15:30:14', 'Retail Prodcut Commission from IR: CA000012', 'CA000010', 10, 10, 'Retail Commission- Cash (Cash)'),
(151, '2017-01-30 15:30:14', 'Retail Product Discount', 'CA000012', 10, 0, 'Retail Commission- Cash (Cash)'),
(152, '2017-01-30 15:30:14', 'Retail Prodcut Commission from IR: CA000012', 'CA000010', 7, 7, 'Retail Commission- Cash (Cash)'),
(153, '2017-01-30 15:30:14', 'Retail Product Discount', 'CA000012', 10, 0, 'Retail Commission- Cash (Cash)'),
(154, '2017-01-30 15:30:14', 'Retail Prodcut Commission from IR: CA000012', 'CA000010', 7, 7, 'Retail Commission- Cash (Cash)'),
(155, '2017-01-30 15:30:14', 'Retail Product Discount', 'CA000012', 10, 0, 'Retail Commission- Cash (Cash)'),
(156, '2017-01-30 15:30:14', 'Retail Prodcut Commission from IR: CA000012', 'CA000010', 7, 7, 'Retail Commission- Cash (Cash)'),
(157, '2017-01-30 15:30:14', 'Retail Product Discount', 'CA000012', 15, 0, 'Retail Commission- Cash (Cash)'),
(158, '2017-01-30 15:30:14', 'Retail Prodcut Commission from IR: CA000012', 'CA000010', 10, 10, 'Retail Commission- Cash (Cash)'),
(159, '2017-01-30 15:31:20', 'Retail Product Discount', 'CA000015', 10, 0, 'Retail Commission- Cash (Cash)'),
(160, '2017-01-30 15:31:20', 'Retail Prodcut Commission from IR: CA000015', 'CA000012', 3, 3, 'Retail Commission- Cash (Cash)'),
(161, '2017-01-30 15:31:20', 'Retail Product Discount', 'CA000015', 10, 0, 'Retail Commission- Cash (Cash)'),
(162, '2017-01-30 15:31:20', 'Retail Prodcut Commission from IR: CA000015', 'CA000012', 3, 3, 'Retail Commission- Cash (Cash)'),
(163, '2017-01-30 15:31:20', 'Retail Product Discount', 'CA000015', 10, 0, 'Retail Commission- Cash (Cash)'),
(164, '2017-01-30 15:31:20', 'Retail Prodcut Commission from IR: CA000015', 'CA000012', 3, 3, 'Retail Commission- Cash (Cash)'),
(165, '2017-01-30 15:31:20', 'Retail Product Discount', 'CA000012', 15, 0, 'Retail Commission- Cash (Cash)'),
(166, '2017-01-30 15:31:20', 'Retail Prodcut Commission from IR: CA000012', 'CA000010', 10, 10, 'Retail Commission- Cash (Cash)'),
(167, '2017-01-30 15:31:20', 'Retail Product Discount', 'CA000012', 15, 0, 'Retail Commission- Cash (Cash)'),
(168, '2017-01-30 15:31:20', 'Retail Prodcut Commission from IR: CA000012', 'CA000010', 10, 10, 'Retail Commission- Cash (Cash)'),
(169, '2017-01-30 15:31:20', 'Retail Product Discount', 'CA000012', 10, 0, 'Retail Commission- Cash (Cash)'),
(170, '2017-01-30 15:31:20', 'Retail Prodcut Commission from IR: CA000012', 'CA000010', 7, 7, 'Retail Commission- Cash (Cash)'),
(171, '2017-01-30 15:31:20', 'Retail Product Discount', 'CA000012', 10, 0, 'Retail Commission- Cash (Cash)'),
(172, '2017-01-30 15:31:20', 'Retail Prodcut Commission from IR: CA000012', 'CA000010', 7, 7, 'Retail Commission- Cash (Cash)'),
(173, '2017-01-30 15:31:20', 'Retail Product Discount', 'CA000012', 10, 0, 'Retail Commission- Cash (Cash)'),
(174, '2017-01-30 15:31:20', 'Retail Prodcut Commission from IR: CA000012', 'CA000010', 7, 7, 'Retail Commission- Cash (Cash)'),
(175, '2017-01-30 15:31:20', 'Retail Product Discount', 'CA000012', 15, 0, 'Retail Commission- Cash (Cash)'),
(176, '2017-01-30 15:31:20', 'Retail Prodcut Commission from IR: CA000012', 'CA000010', 10, 10, 'Retail Commission- Cash (Cash)'),
(177, '2017-01-30 15:31:23', 'Retail Product Discount', 'CA000015', 10, 0, 'Retail Commission- Cash (Cash)'),
(178, '2017-01-30 15:31:23', 'Retail Prodcut Commission from IR: CA000015', 'CA000012', 3, 3, 'Retail Commission- Cash (Cash)'),
(179, '2017-01-30 15:31:23', 'Retail Product Discount', 'CA000015', 10, 0, 'Retail Commission- Cash (Cash)'),
(180, '2017-01-30 15:31:23', 'Retail Prodcut Commission from IR: CA000015', 'CA000012', 3, 3, 'Retail Commission- Cash (Cash)'),
(181, '2017-01-30 15:31:23', 'Retail Product Discount', 'CA000015', 10, 0, 'Retail Commission- Cash (Cash)'),
(182, '2017-01-30 15:31:23', 'Retail Prodcut Commission from IR: CA000015', 'CA000012', 3, 3, 'Retail Commission- Cash (Cash)'),
(183, '2017-01-30 15:31:23', 'Retail Product Discount', 'CA000012', 15, 0, 'Retail Commission- Cash (Cash)'),
(184, '2017-01-30 15:31:23', 'Retail Prodcut Commission from IR: CA000012', 'CA000010', 10, 10, 'Retail Commission- Cash (Cash)'),
(185, '2017-01-30 15:31:23', 'Retail Product Discount', 'CA000012', 15, 0, 'Retail Commission- Cash (Cash)'),
(186, '2017-01-30 15:31:23', 'Retail Prodcut Commission from IR: CA000012', 'CA000010', 10, 10, 'Retail Commission- Cash (Cash)'),
(187, '2017-01-30 15:31:23', 'Retail Product Discount', 'CA000012', 10, 0, 'Retail Commission- Cash (Cash)'),
(188, '2017-01-30 15:31:23', 'Retail Prodcut Commission from IR: CA000012', 'CA000010', 7, 7, 'Retail Commission- Cash (Cash)'),
(189, '2017-01-30 15:31:23', 'Retail Product Discount', 'CA000012', 10, 0, 'Retail Commission- Cash (Cash)'),
(190, '2017-01-30 15:31:23', 'Retail Prodcut Commission from IR: CA000012', 'CA000010', 7, 7, 'Retail Commission- Cash (Cash)'),
(191, '2017-01-30 15:31:23', 'Retail Product Discount', 'CA000012', 15, 0, 'Retail Commission- Cash (Cash)'),
(192, '2017-01-30 15:31:23', 'Retail Prodcut Commission from IR: CA000012', 'CA000010', 10, 10, 'Retail Commission- Cash (Cash)'),
(193, '2017-01-30 15:31:23', 'Retail Product Discount', 'CA000012', 10, 0, 'Retail Commission- Cash (Cash)'),
(194, '2017-01-30 15:31:23', 'Retail Prodcut Commission from IR: CA000012', 'CA000010', 7, 7, 'Retail Commission- Cash (Cash)'),
(195, '2017-01-30 15:32:19', 'Retail Product Discount', 'CA000015', 10, 1400, 'Retail Commission- Cash (Cash)'),
(196, '2017-01-30 15:32:19', 'Retail Prodcut Commission from IR: CA000015', 'CA000012', 3, 3, 'Retail Commission- Cash (Cash)'),
(197, '2017-01-30 15:32:19', 'Retail Product Discount', 'CA000015', 10, 1410, 'Retail Commission- Cash (Cash)'),
(198, '2017-01-30 15:32:19', 'Retail Prodcut Commission from IR: CA000015', 'CA000012', 3, 3, 'Retail Commission- Cash (Cash)'),
(199, '2017-01-30 15:32:19', 'Retail Product Discount', 'CA000015', 10, 1420, 'Retail Commission- Cash (Cash)'),
(200, '2017-01-30 15:32:19', 'Retail Prodcut Commission from IR: CA000015', 'CA000012', 3, 3, 'Retail Commission- Cash (Cash)'),
(201, '2017-01-30 15:32:19', 'Retail Product Discount', 'CA000012', 15, 50793, 'Retail Commission- Cash (Cash)'),
(202, '2017-01-30 15:32:19', 'Retail Prodcut Commission from IR: CA000012', 'CA000010', 10, 10, 'Retail Commission- Cash (Cash)'),
(203, '2017-01-30 15:32:19', 'Retail Product Discount', 'CA000012', 15, 50808, 'Retail Commission- Cash (Cash)'),
(204, '2017-01-30 15:32:19', 'Retail Prodcut Commission from IR: CA000012', 'CA000010', 10, 10, 'Retail Commission- Cash (Cash)'),
(205, '2017-01-30 15:32:19', 'Retail Product Discount', 'CA000012', 10, 50818, 'Retail Commission- Cash (Cash)'),
(206, '2017-01-30 15:32:19', 'Retail Prodcut Commission from IR: CA000012', 'CA000010', 7, 7, 'Retail Commission- Cash (Cash)'),
(207, '2017-01-30 15:32:19', 'Retail Product Discount', 'CA000012', 10, 50828, 'Retail Commission- Cash (Cash)'),
(208, '2017-01-30 15:32:19', 'Retail Prodcut Commission from IR: CA000012', 'CA000010', 7, 7, 'Retail Commission- Cash (Cash)'),
(209, '2017-01-30 15:32:19', 'Retail Product Discount', 'CA000012', 15, 50843, 'Retail Commission- Cash (Cash)'),
(210, '2017-01-30 15:32:19', 'Retail Prodcut Commission from IR: CA000012', 'CA000010', 10, 10, 'Retail Commission- Cash (Cash)'),
(211, '2017-01-30 15:32:19', 'Retail Product Discount', 'CA000012', 10, 50853, 'Retail Commission- Cash (Cash)'),
(212, '2017-01-30 15:32:19', 'Retail Prodcut Commission from IR: CA000012', 'CA000010', 7, 7, 'Retail Commission- Cash (Cash)'),
(213, '2017-01-30 15:33:00', 'Retail Product Discount', 'CA000015', 10, 1440, 'Retail Commission- Cash (Cash)'),
(214, '2017-01-30 15:33:00', 'Retail Prodcut Commission from IR: CA000015', 'CA000012', 3, 3, 'Retail Commission- Cash (Cash)'),
(215, '2017-01-30 15:33:00', 'Retail Product Discount', 'CA000015', 10, 1450, 'Retail Commission- Cash (Cash)'),
(216, '2017-01-30 15:33:00', 'Retail Prodcut Commission from IR: CA000015', 'CA000012', 3, 3, 'Retail Commission- Cash (Cash)'),
(217, '2017-01-30 15:33:00', 'Retail Product Discount', 'CA000015', 10, 1460, 'Retail Commission- Cash (Cash)'),
(218, '2017-01-30 15:33:00', 'Retail Prodcut Commission from IR: CA000015', 'CA000012', 3, 3, 'Retail Commission- Cash (Cash)'),
(219, '2017-01-30 15:33:00', 'Retail Product Discount', 'CA000012', 15, 50892, 'Retail Commission- Cash (Cash)'),
(220, '2017-01-30 15:33:00', 'Retail Prodcut Commission from IR: CA000012', 'CA000010', 10, 10, 'Retail Commission- Cash (Cash)'),
(221, '2017-01-30 15:33:00', 'Retail Product Discount', 'CA000012', 15, 50907, 'Retail Commission- Cash (Cash)'),
(222, '2017-01-30 15:33:00', 'Retail Prodcut Commission from IR: CA000012', 'CA000010', 10, 10, 'Retail Commission- Cash (Cash)'),
(223, '2017-01-30 15:33:00', 'Retail Product Discount', 'CA000012', 10, 50912, 'Retail Commission- Cash (Cash)'),
(224, '2017-01-30 15:33:00', 'Retail Prodcut Commission from IR: CA000012', 'CA000010', 7, 7, 'Retail Commission- Cash (Cash)'),
(225, '2017-01-30 15:33:00', 'Retail Product Discount', 'CA000012', 10, 50922, 'Retail Commission- Cash (Cash)'),
(226, '2017-01-30 15:33:00', 'Retail Prodcut Commission from IR: CA000012', 'CA000010', 7, 7, 'Retail Commission- Cash (Cash)'),
(227, '2017-01-30 15:33:00', 'Retail Product Discount', 'CA000012', 15, 50942, 'Retail Commission- Cash (Cash)'),
(228, '2017-01-30 15:33:00', 'Retail Prodcut Commission from IR: CA000012', 'CA000010', 10, 10, 'Retail Commission- Cash (Cash)'),
(229, '2017-01-30 15:33:00', 'Retail Product Discount', 'CA000012', 10, 50947, 'Retail Commission- Cash (Cash)'),
(230, '2017-01-30 15:33:00', 'Retail Prodcut Commission from IR: CA000012', 'CA000010', 7, 7, 'Retail Commission- Cash (Cash)'),
(231, '2017-01-30 15:36:16', 'Retail Product Discount', 'CA000015', 10, 1470, 'Retail Commission- Cash (Cash)'),
(232, '2017-01-30 15:36:16', 'Retail Prodcut Commission from IR: CA000015', 'CA000012', 3, 50943, 'Retail Commission- Cash (Cash)'),
(233, '2017-01-30 15:36:16', 'Retail Product Discount', 'CA000015', 10, 1480, 'Retail Commission- Cash (Cash)'),
(234, '2017-01-30 15:36:16', 'Retail Prodcut Commission from IR: CA000015', 'CA000012', 3, 50946, 'Retail Commission- Cash (Cash)'),
(235, '2017-01-30 15:36:16', 'Retail Product Discount', 'CA000015', 10, 1490, 'Retail Commission- Cash (Cash)'),
(236, '2017-01-30 15:36:16', 'Retail Prodcut Commission from IR: CA000015', 'CA000012', 3, 50949, 'Retail Commission- Cash (Cash)'),
(237, '2017-01-30 15:36:16', 'Retail Product Discount', 'CA000012', 15, 50976, 'Retail Commission- Cash (Cash)'),
(238, '2017-01-30 15:36:16', 'Retail Prodcut Commission from IR: CA000012', 'CA000010', 10, 50956, 'Retail Commission- Cash (Cash)'),
(239, '2017-01-30 15:36:16', 'Retail Product Discount', 'CA000012', 15, 50991, 'Retail Commission- Cash (Cash)'),
(240, '2017-01-30 15:36:16', 'Retail Prodcut Commission from IR: CA000012', 'CA000010', 10, 50966, 'Retail Commission- Cash (Cash)'),
(241, '2017-01-30 15:36:16', 'Retail Product Discount', 'CA000012', 10, 50996, 'Retail Commission- Cash (Cash)'),
(242, '2017-01-30 15:36:16', 'Retail Prodcut Commission from IR: CA000012', 'CA000010', 7, 50970, 'Retail Commission- Cash (Cash)'),
(243, '2017-01-30 15:36:16', 'Retail Product Discount', 'CA000012', 10, 51006, 'Retail Commission- Cash (Cash)'),
(244, '2017-01-30 15:36:16', 'Retail Prodcut Commission from IR: CA000012', 'CA000010', 7, 50977, 'Retail Commission- Cash (Cash)'),
(245, '2017-01-30 15:36:16', 'Retail Product Discount', 'CA000012', 10, 51016, 'Retail Commission- Cash (Cash)'),
(246, '2017-01-30 15:36:16', 'Retail Prodcut Commission from IR: CA000012', 'CA000010', 7, 50984, 'Retail Commission- Cash (Cash)'),
(247, '2017-01-30 15:36:16', 'Retail Product Discount', 'CA000012', 15, 51036, 'Retail Commission- Cash (Cash)'),
(248, '2017-01-30 15:36:16', 'Retail Prodcut Commission from IR: CA000012', 'CA000010', 10, 50997, 'Retail Commission- Cash (Cash)'),
(249, '2017-01-30 15:37:51', 'Retail Product Discount', 'CA000015', 10, 1500, 'Retail Commission- Cash (Cash)'),
(250, '2017-01-30 15:37:51', 'Retail Prodcut Commission from IR: CA000015', 'CA000012', 3, 51027, 'Retail Commission- Cash (Cash)'),
(251, '2017-01-30 15:37:51', 'Retail Product Discount', 'CA000015', 10, 1510, 'Retail Commission- Cash (Cash)'),
(252, '2017-01-30 15:37:51', 'Retail Prodcut Commission from IR: CA000015', 'CA000012', 3, 51030, 'Retail Commission- Cash (Cash)'),
(253, '2017-01-30 15:37:51', 'Retail Product Discount', 'CA000015', 10, 1520, 'Retail Commission- Cash (Cash)'),
(254, '2017-01-30 15:37:51', 'Retail Prodcut Commission from IR: CA000015', 'CA000012', 3, 51033, 'Retail Commission- Cash (Cash)'),
(255, '2017-01-30 15:37:51', 'Retail Product Discount', 'CA000012', 15, 51060, 'Retail Commission- Cash (Cash)'),
(256, '2017-01-30 15:37:51', 'Retail Prodcut Commission from IR: CA000012', 'CA000010', 10, 51007, 'Retail Commission- Cash (Cash)'),
(257, '2017-01-30 15:37:51', 'Retail Product Discount', 'CA000012', 15, 51075, 'Retail Commission- Cash (Cash)'),
(258, '2017-01-30 15:37:51', 'Retail Prodcut Commission from IR: CA000012', 'CA000010', 10, 51017, 'Retail Commission- Cash (Cash)'),
(259, '2017-01-30 15:37:51', 'Retail Product Discount', 'CA000012', 10, 51080, 'Retail Commission- Cash (Cash)'),
(260, '2017-01-30 15:37:51', 'Retail Prodcut Commission from IR: CA000012', 'CA000010', 7, 51021, 'Retail Commission- Cash (Cash)'),
(261, '2017-01-30 15:37:51', 'Retail Product Discount', 'CA000012', 10, 51090, 'Retail Commission- Cash (Cash)'),
(262, '2017-01-30 15:37:51', 'Retail Prodcut Commission from IR: CA000012', 'CA000010', 7, 51028, 'Retail Commission- Cash (Cash)'),
(263, '2017-01-30 15:37:51', 'Retail Product Discount', 'CA000012', 10, 51100, 'Retail Commission- Cash (Cash)'),
(264, '2017-01-30 15:37:51', 'Retail Prodcut Commission from IR: CA000012', 'CA000010', 7, 51035, 'Retail Commission- Cash (Cash)'),
(265, '2017-01-30 15:37:51', 'Retail Product Discount', 'CA000012', 15, 51120, 'Retail Commission- Cash (Cash)'),
(266, '2017-01-30 15:37:51', 'Retail Prodcut Commission from IR: CA000012', 'CA000010', 10, 51048, 'Retail Commission- Cash (Cash)'),
(267, '2017-01-30 15:38:41', 'Retail Product Discount', 'CA000015', 10, 1530, 'Retail Commission- Cash (Cash)'),
(268, '2017-01-30 15:38:41', 'Retail Prodcut Commission from IR: CA000015', 'CA000012', 3, 51111, 'Retail Commission- Cash (Cash)'),
(269, '2017-01-30 15:38:41', 'Retail Product Discount', 'CA000015', 10, 1540, 'Retail Commission- Cash (Cash)'),
(270, '2017-01-30 15:38:41', 'Retail Prodcut Commission from IR: CA000015', 'CA000012', 3, 51114, 'Retail Commission- Cash (Cash)'),
(271, '2017-01-30 15:38:41', 'Retail Product Discount', 'CA000015', 10, 1550, 'Retail Commission- Cash (Cash)'),
(272, '2017-01-30 15:38:41', 'Retail Prodcut Commission from IR: CA000015', 'CA000012', 3, 51117, 'Retail Commission- Cash (Cash)'),
(273, '2017-01-30 15:38:41', 'Retail Product Discount', 'CA000012', 15, 51144, 'Retail Commission- Cash (Cash)'),
(274, '2017-01-30 15:38:41', 'Retail Prodcut Commission from IR: CA000012', 'CA000010', 10, 51058, 'Retail Commission- Cash (Cash)'),
(275, '2017-01-30 15:38:41', 'Retail Product Discount', 'CA000012', 15, 51159, 'Retail Commission- Cash (Cash)'),
(276, '2017-01-30 15:38:41', 'Retail Prodcut Commission from IR: CA000012', 'CA000010', 10, 51068, 'Retail Commission- Cash (Cash)'),
(277, '2017-01-30 15:38:41', 'Retail Product Discount', 'CA000012', 10, 51164, 'Retail Commission- Cash (Cash)'),
(278, '2017-01-30 15:38:41', 'Retail Prodcut Commission from IR: CA000012', 'CA000010', 7, 51072, 'Retail Commission- Cash (Cash)'),
(279, '2017-01-30 15:38:41', 'Retail Product Discount', 'CA000012', 10, 51174, 'Retail Commission- Cash (Cash)'),
(280, '2017-01-30 15:38:41', 'Retail Prodcut Commission from IR: CA000012', 'CA000010', 7, 51079, 'Retail Commission- Cash (Cash)'),
(281, '2017-01-30 15:38:41', 'Retail Product Discount', 'CA000012', 15, 51194, 'Retail Commission- Cash (Cash)'),
(282, '2017-01-30 15:38:41', 'Retail Prodcut Commission from IR: CA000012', 'CA000010', 10, 51092, 'Retail Commission- Cash (Cash)'),
(283, '2017-01-30 15:38:41', 'Retail Product Discount', 'CA000012', 10, 51199, 'Retail Commission- Cash (Cash)'),
(284, '2017-01-30 15:38:41', 'Retail Prodcut Commission from IR: CA000012', 'CA000010', 7, 51096, 'Retail Commission- Cash (Cash)'),
(285, '2017-01-30 15:41:12', 'Retail Product Discount', 'CA000015', 10, 1550, 'Retail Commission- Cash (Cash)'),
(286, '2017-01-30 15:41:12', 'Retail Prodcut Commission from IR: CA000015', 'CA000012', 3, 51192, 'Retail Commission- Cash (Cash)'),
(287, '2017-01-30 15:41:12', 'Retail Product Discount', 'CA000015', 10, 1560, 'Retail Commission- Cash (Cash)'),
(288, '2017-01-30 15:41:12', 'Retail Prodcut Commission from IR: CA000015', 'CA000012', 3, 51195, 'Retail Commission- Cash (Cash)'),
(289, '2017-01-30 15:41:12', 'Retail Product Discount', 'CA000015', 10, 1570, 'Retail Commission- Cash (Cash)'),
(290, '2017-01-30 15:41:12', 'Retail Prodcut Commission from IR: CA000015', 'CA000012', 3, 51198, 'Retail Commission- Cash (Cash)'),
(291, '2017-01-30 15:41:12', 'Retail Product Discount', 'CA000012', 15, 51213, 'Retail Commission- Cash (Cash)'),
(292, '2017-01-30 15:41:12', 'Retail Prodcut Commission from IR: CA000012', 'CA000010', 10, 51099, 'Retail Commission- Cash (Cash)'),
(293, '2017-01-30 15:41:12', 'Retail Product Discount', 'CA000012', 15, 51228, 'Retail Commission- Cash (Cash)'),
(294, '2017-01-30 15:41:12', 'Retail Prodcut Commission from IR: CA000012', 'CA000010', 10, 51109, 'Retail Commission- Cash (Cash)'),
(295, '2017-01-30 15:41:12', 'Retail Product Discount', 'CA000012', 10, 51238, 'Retail Commission- Cash (Cash)'),
(296, '2017-01-30 15:41:12', 'Retail Prodcut Commission from IR: CA000012', 'CA000010', 7, 51116, 'Retail Commission- Cash (Cash)'),
(297, '2017-01-30 15:41:12', 'Retail Product Discount', 'CA000012', 10, 51248, 'Retail Commission- Cash (Cash)'),
(298, '2017-01-30 15:41:12', 'Retail Prodcut Commission from IR: CA000012', 'CA000010', 7, 51123, 'Retail Commission- Cash (Cash)'),
(299, '2017-01-30 15:41:12', 'Retail Product Discount', 'CA000012', 15, 51263, 'Retail Commission- Cash (Cash)'),
(300, '2017-01-30 15:41:12', 'Retail Prodcut Commission from IR: CA000012', 'CA000010', 10, 51133, 'Retail Commission- Cash (Cash)'),
(301, '2017-01-30 15:41:12', 'Retail Product Discount', 'CA000012', 10, 51273, 'Retail Commission- Cash (Cash)'),
(302, '2017-01-30 15:41:12', 'Retail Prodcut Commission from IR: CA000012', 'CA000010', 7, 51140, 'Retail Commission- Cash (Cash)'),
(303, '2017-01-31 15:38:10', 'Product Purchase', 'CA000010', -120, 51020, 'Cash (Cash)'),
(304, '2017-02-01 19:49:25', 'Product Purchase', 'CA000010', -120, 50900, 'Cash (Cash)'),
(305, '2017-02-02 08:15:15', 'Ewallet Recharge by Card', 'CA000010', 100, 51200, 'CA000010'),
(306, '2017-02-02 08:17:07', 'Ewallet Recharge by Card', 'CA000010', 0, 51100, 'CA000010'),
(307, '2017-02-02 08:18:43', 'Ewallet Recharge by Card', 'CA000010', 0, 51100, 'CA000010'),
(308, '2017-02-02 08:20:40', 'Ewallet Recharge by Card', 'CA000010', 0, 51100, 'CA000010'),
(309, '2017-02-02 08:30:33', 'Ewallet Recharge by Card', 'CA000010', 150, 51400, 'CA000010'),
(310, '2017-02-02 08:33:37', 'Ewallet Recharge by Card', 'CA000010', 100, 51450, 'CA000010'),
(311, '2017-02-02 08:34:31', 'Ewallet Recharge by Card', 'CA000010', 500, 52350, 'CA000010'),
(312, '2017-02-02 09:04:19', 'Fund Transferred Out', 'CA000010', -100, 51750, 'CA000011'),
(313, '2017-02-02 09:04:19', 'Fund Transferred In', 'CA000011', 100, 5100, 'CA000010'),
(314, '2017-02-02 09:36:41', 'Ewallet Recharge by Card', 'CA000010', 0, 51750, 'CA000010'),
(315, '2017-02-02 10:31:13', 'Ewallet Recharge by Card', 'CA000010', 0, 51750, 'UJ-5892195c77906'),
(316, '2017-02-02 10:31:31', 'Ewallet Recharge by Card', 'CA000010', 0, 51750, 'UJ-5892195c77906'),
(317, '2017-02-02 15:48:07', 'Ewallet Recharge by Card', 'CA000010', 100, 51950, 'SU-58935432f1c33'),
(318, '2017-02-02 16:00:15', 'Qualify Binary Shop', 'CA000011', -620, 4480, 'Cash (Cash)'),
(319, '2017-02-03 22:40:29', 'New IR Registration Commission', 'CA000010', 4, 51858, 'CA000016'),
(320, '2017-02-03 23:00:26', 'New IR Registration Commission', 'CA000013', 4, 1008, 'CA000017'),
(321, '2017-02-03 23:14:47', 'New IR Registration Commission', 'CA000015', 4, 1578, 'CA000018'),
(322, '2017-02-03 23:50:26', 'New IR Registration Commission', 'CA000013', 4, 1012, 'CA000019'),
(323, '2017-02-03 23:53:51', 'Registration Fees', 'CA000010', -30, 51824, 'CA000020'),
(324, '2017-02-03 23:53:55', 'New IR Registration Commission', 'CA000012', 4, 51281, 'CA000020'),
(325, '2017-02-04 00:41:58', 'Registration Fees', 'CA000010', -30, 51794, 'CA000021'),
(326, '2017-02-04 00:42:01', 'New IR Registration Commission', 'CA000016', 4, 8, 'CA000021'),
(327, '2017-02-04 00:50:55', 'New IR Registration Commission', 'CA000018', 4, 8, 'CA000022'),
(328, '2017-02-04 00:57:09', 'Registration Fees', 'CA000010', -30, 51764, 'CA000023'),
(329, '2017-02-04 00:57:13', 'New IR Registration Commission', 'CA000010', 4, 51772, 'CA000023'),
(330, '2017-02-04 10:48:10', 'Ewallet Recharge by Card', 'CA000020', 10000, 20000, 'MO-5895b10732982'),
(331, '2017-02-04 10:48:53', 'Qualify Binary Shop', 'CA000020', -2500, 7500, 'Cash (Cash)'),
(332, '2017-02-04 10:52:31', 'New IR Registration Commission', 'CA000010', 4, 51776, 'CA000024'),
(333, '2017-02-04 10:56:08', 'Product Purchase', 'CA000020', -240, 7260, 'Cash (Cash)'),
(334, '2017-02-04 11:03:20', 'Product Purchase', 'CA000010', -230, 51542, 'Cash (Cash)'),
(335, '2017-02-04 11:27:10', 'Retail Product Discount Refund', 'CA000010', 15, 51557, 'Retail Commission- '),
(336, '2017-02-04 11:27:10', 'Retail Product Discount Refund', 'CA000010', 15, 51572, 'Retail Commission- '),
(337, '2017-02-04 11:28:25', 'Retail Product Discount Refund', 'CA000020', 10, 7270, 'Retail Commission- '),
(338, '2017-02-04 11:28:25', 'Retail Prodcut Commission from IR: CA000020', 'CA000012', 7, 51284, 'Retail Commission- '),
(339, '2017-02-04 11:28:25', 'Retail Prodcut Commission from IR: CA000020', 'CA000010', 3, 51575, 'Retail Commission- '),
(340, '2017-02-04 11:28:25', 'Retail Product Discount Refund', 'CA000020', 10, 7280, 'Retail Commission- '),
(341, '2017-02-04 11:28:25', 'Retail Prodcut Commission from IR: CA000020', 'CA000012', 7, 51291, 'Retail Commission- '),
(342, '2017-02-04 11:28:25', 'Retail Prodcut Commission from IR: CA000020', 'CA000010', 3, 51578, 'Retail Commission- '),
(343, '2017-02-04 12:43:09', 'Registration Fees', 'CA000010', -30, 51548, 'CA000025'),
(344, '2017-02-04 12:43:13', 'New IR Registration Commission', 'CA000010', 4, 51556, 'CA000025'),
(345, '2017-02-04 13:47:52', 'Registration Fees', 'CA000012', -30, 51261, 'CA000026'),
(346, '2017-02-04 13:47:55', 'New IR Registration Commission', 'CA000020', 4, 7288, 'CA000026'),
(347, '2017-02-04 13:51:22', 'Registration Fees', 'CA000010', -30, 51522, 'CA000027'),
(348, '2017-02-04 13:51:25', 'New IR Registration Commission', 'CA000015', 4, 1582, 'CA000027'),
(349, '2017-03-22 10:09:35', 'Registration Fees', 'CA000010', -30, 51492, 'CA000028'),
(350, '2017-03-22 10:09:39', 'New IR Registration Commission', 'CA000010', 4, 51500, 'CA000028'),
(351, '2017-03-22 10:20:24', 'Ewallet Recharge by Card', 'CA000028', 1000, 2000, 'CA-58d24d5fc1a6c'),
(352, '2017-03-22 10:20:45', 'Qualify Retail Shop', 'CA000028', -30, 970, 'ProShops'),
(353, '2017-03-22 10:20:45', 'New IR Qualified Retail Shop Commission', 'CA000010', 5, 51506, 'CA000028'),
(354, '2017-03-22 10:38:52', 'Product Purchase', 'CA000010', -115, 51386, 'Cash (Cash)'),
(355, '2017-03-27 11:20:27', 'Registration Fees', 'CA000010', -30, 51356, 'CA000029'),
(356, '2017-03-27 11:20:30', 'New IR Registration Commission', 'CA000010', 4, 51364, 'CA000029'),
(357, '2017-03-27 11:36:22', 'Ewallet Recharge by Card', 'CA000029', 1000, 2000, 'CA-58d8f57b1260d'),
(358, '2017-03-27 11:36:44', 'Qualify Retail Shop', 'CA000029', -30, 970, 'ProShops'),
(359, '2017-03-27 11:36:44', 'New IR Qualified Retail Shop Commission', 'CA000010', 5, 51370, 'CA000029'),
(360, '2017-04-16 16:01:43', 'Registration Fees', 'CA000010', -30, 51335, 'CA000030'),
(361, '2017-04-16 16:01:46', 'New IR Registration Commission', 'CA000010', 4, 51343, 'CA000030'),
(362, '2017-04-16 16:29:22', 'Fund Transferred Out', 'CA000010', -4000, 47339, 'CA000030'),
(363, '2017-04-16 16:29:22', 'Fund Transferred In', 'CA000030', 4000, 4000, 'CA000010'),
(364, '2017-04-16 16:32:36', 'Fund Transferred Out', 'CA000010', -10, 47329, 'CA000030'),
(365, '2017-04-16 16:32:36', 'Fund Transferred In', 'CA000030', 10, 4010, 'CA000010'),
(366, '2017-04-16 16:33:48', 'Qualify Retail Shop', 'CA000030', -30, 3980, 'ProShops'),
(367, '2017-04-16 16:33:48', 'New IR Qualified Retail Shop Commission', 'CA000010', 5, 47339, 'CA000030'),
(368, '2017-04-16 17:05:12', 'Product Purchase', 'CA000030', -230, 3750, 'Cash (Cash)'),
(369, '2017-04-24 17:22:49', 'Registration Fees', 'CA000010', -30, 47304, 'CA000031'),
(370, '2017-04-24 17:22:52', 'New IR Registration Commission', 'CA000010', 4, 47312, 'CA000031'),
(371, '2017-04-24 17:35:13', 'Fund Transferred Out', 'CA000010', -2000, 45308, 'CA000031'),
(372, '2017-04-24 17:35:13', 'Fund Transferred In', 'CA000031', 2000, 2000, 'CA000010'),
(373, '2017-04-24 17:42:11', 'Fund Transferred Out', 'CA000010', -1000, 44308, 'CA000031'),
(374, '2017-04-24 17:42:11', 'Fund Transferred In', 'CA000031', 1000, 3000, 'CA000010'),
(375, '2017-04-24 17:42:42', 'Qualify Binary Shop', 'CA000031', -2080, 920, 'Cash (Cash)'),
(376, '2017-04-24 17:55:44', 'Registration Fees', 'CA000010', -30, 44278, 'CA000032'),
(377, '2017-04-24 17:55:47', 'New IR Registration Commission', 'CA000010', 4, 44286, 'CA000032'),
(378, '2017-04-24 17:56:30', 'Fund Transferred Out', 'CA000010', -2500, 41782, 'CA000032'),
(379, '2017-04-24 17:56:30', 'Fund Transferred In', 'CA000032', 2500, 2500, 'CA000010'),
(380, '2017-04-24 17:57:54', 'Qualify Binary Shop', 'CA000032', -2040, 460, 'Cash (Cash)'),
(381, '2017-04-24 18:01:11', 'Registration Fees', 'CA000010', -30, 41752, 'CA000033'),
(382, '2017-04-24 18:01:14', 'New IR Registration Commission', 'CA000010', 4, 41760, 'CA000033'),
(383, '2017-04-24 18:01:50', 'Fund Transferred Out', 'CA000010', -2400, 39356, 'CA000033'),
(384, '2017-04-24 18:01:50', 'Fund Transferred In', 'CA000033', 2400, 2400, 'CA000010'),
(385, '2017-04-24 18:03:14', 'Qualify Binary Shop', 'CA000033', -2040, 360, 'Cash (Cash)');

-- --------------------------------------------------------

--
-- Table structure for table `vacation_certificate`
--

CREATE TABLE IF NOT EXISTS `vacation_certificate` (
  `id` int(11) unsigned NOT NULL AUTO_INCREMENT,
  `ir_id` varchar(22) NOT NULL DEFAULT '',
  `datetime` datetime NOT NULL,
  `shop_order_id` int(11) NOT NULL,
  `product_name` varchar(55) NOT NULL DEFAULT '',
  PRIMARY KEY (`id`)
) ENGINE=InnoDB  DEFAULT CHARSET=utf8 AUTO_INCREMENT=15 ;

--
-- Dumping data for table `vacation_certificate`
--

INSERT INTO `vacation_certificate` (`id`, `ir_id`, `datetime`, `shop_order_id`, `product_name`) VALUES
(1, 'CA000010', '2017-01-26 09:45:59', 1, 'Test Certificate'),
(2, 'CA000013', '2017-01-27 14:43:53', 1, 'Card 1 - 2000LE benifits + Shipping & Handling'),
(3, 'CA000015', '2017-01-29 17:53:51', 3, 'Super Oil + Shipping & Handling'),
(4, 'CA000015', '2017-01-30 08:12:55', 4, 'Super Oil + Shipping & Handling'),
(5, 'CA000015', '2017-01-30 08:12:55', 4, 'Super Oil + Shipping & Handling'),
(6, 'CA000012', '2017-01-30 14:20:27', 6, 'Super Oil + Shipping & Handling'),
(7, 'CA000012', '2017-01-30 14:22:16', 7, 'Super Oil + Shipping & Handling'),
(8, 'CA000012', '2017-01-30 14:37:23', 11, 'Super Oil + Shipping & Handling'),
(9, 'CA000010', '2017-01-31 15:38:10', 12, 'Super Oil + Shipping & Handling'),
(10, 'CA000010', '2017-02-01 19:49:25', 15, 'Super Oil + Shipping & Handling'),
(11, 'CA000011', '2017-02-02 16:00:15', 16, 'Card 1 - 2000LE benifits + Shipping & Handling'),
(12, 'CA000020', '2017-02-04 10:48:53', 18, 'Card 1 - 2000LE benifits + Shipping & Handling'),
(13, 'CA000020', '2017-02-04 10:56:08', 19, 'Super Oil + Shipping & Handling'),
(14, 'CA000020', '2017-02-04 10:56:08', 19, 'Super Oil + Shipping & Handling');

/*!40101 SET CHARACTER_SET_CLIENT=@OLD_CHARACTER_SET_CLIENT */;
/*!40101 SET CHARACTER_SET_RESULTS=@OLD_CHARACTER_SET_RESULTS */;
/*!40101 SET COLLATION_CONNECTION=@OLD_COLLATION_CONNECTION */;
